Close,SMA20,SMA50,SMA200,Volume,Cumulative_Market,Cumulative_Strategy,Date
AAPL,,,,AAPL,,,
117.70417785644531,111.89745826721192,114.00747512817382,86.17618604660034,112559200,1.6186819066964357,1.0,2020-10-15
116.05624389648438,112.49129257202148,114.1112742614746,86.39288694381713,115393800,1.596019322130638,0.9859993588165511,2020-10-16
113.09195709228516,112.7789478302002,114.20620025634766,86.59830118179322,120639300,1.555254096090248,0.9608151482117709,2020-10-19
114.5838394165039,113.05685081481934,114.29946792602539,86.80830587387085,124423700,1.5757706399301645,0.9734899941806054,2020-10-20
113.95979309082031,113.53221168518067,114.44563568115234,87.01689706802368,89946000,1.5671886803538748,0.9681881745082002,2020-10-21
112.86767578125,113.89933586120605,114.49907073974609,87.2142172050476,101988000,1.5521697527237315,0.9589096821941696,2020-10-22
112.17536163330078,114.03389930725098,114.49965576171876,87.40027994155884,82572600,1.5426489659050842,0.9530278676268602,2020-10-23
112.18511199951172,114.03828735351563,114.50243453979492,87.58554414749146,111850700,1.5427830541053225,0.9531107055208797,2020-10-26
113.69654083251953,114.16066398620606,114.54129257202149,87.77033983230591,92276800,1.5635684038677826,0.965951616188054,2020-10-27
108.43098449707031,113.93590393066407,114.45621536254883,87.93398862838745,143937800,1.4911558444828676,0.9212161069534437,2020-10-28
112.4483871459961,113.86423416137696,114.44865844726563,88.11934659957886,146129200,1.5464036453524475,0.955347458296176,2020-10-29
106.14925384521484,113.66141357421876,114.26504745483399,88.26848779678345,190272600,1.459777212140542,0.9018308082035699,2020-10-30
106.06149291992188,113.28453826904297,113.96081634521484,88.4129654121399,122866900,1.4585703134180519,0.9010852023390099,2020-11-02
107.68991088867188,113.15192489624023,113.66014465332032,88.56819993972778,107624400,1.4809645117426837,0.9149200380976527,2020-11-03
112.08760070800781,113.14558639526368,113.46756240844726,88.74405496597291,138235500,1.5414420671825937,0.9522822617622999,2020-11-04
116.06602478027344,113.34353218078613,113.32144409179688,88.93795011520386,126387100,1.5961538300122533,0.9860824559841039,2020-11-05
115.93412780761719,113.43737297058105,113.20218490600585,89.13229948043823,114457900,1.5943399670969787,0.9849618757714192,2020-11-06
113.61918640136719,113.05321769714355,113.04057556152344,89.32640455245972,154515300,1.5625046164951557,0.9652944225984881,2020-11-09
113.27729034423828,112.81285858154297,112.78958633422852,89.50822019577026,138023400,1.557802821098221,0.9623897163819773,2020-11-10
116.71556091308594,112.74002609252929,112.50712265014648,89.69917718887329,112295000,1.6050863284594323,0.9916008338755385,2020-11-11
116.44207000732422,112.67692070007324,112.27340484619141,89.88933572769164,103162300,1.6013252488710559,0.9892772892848336,2020-11-12
116.49092864990234,112.69865493774414,112.24582473754883,90.09712167739868,81581900,1.6019971587570705,0.9896923862122997,2020-11-13
117.50676727294922,112.91939544677734,112.23700088500976,90.31101568222046,91183000,1.615967092783158,0.9983228243288279,2020-11-16
116.61788940429688,113.02109794616699,112.36914596557617,90.50813009262085,74271000,1.6037431382094705,0.9907710289309072,2020-11-17
115.28946685791016,113.08758163452148,112.38696319580077,90.69545492172242,76322100,1.5854745127499195,0.9794849168269946,2020-11-18
115.88529968261719,113.23846282958985,112.49139022827148,90.88120748519897,74113000,1.5936684768923426,0.9845470381174871,2020-11-19
114.6155014038086,113.36046981811523,112.5994790649414,91.06596223831177,73604300,1.5762060593597333,0.9737589904718269,2020-11-20
111.20652770996094,113.3115406036377,112.57386169433593,91.23182764053345,127959300,1.529325446121304,0.944796775570625,2020-11-23
112.4958724975586,113.25150718688965,112.5705209350586,91.40649385452271,113874200,1.5470566695764567,0.955750887914625,2020-11-24
113.33589172363281,113.49675254821777,112.65048233032226,91.57615041732788,76499200,1.5586087142641298,0.9628875863850798,2020-11-25
113.88289642333984,113.56847801208497,112.77629241943359,91.75136919021607,46691300,1.5661311882019164,0.96753487002164,2020-11-27
116.2857894897461,114.07530479431152,113.01841705322266,91.93850538253784,169410200,1.5991760605348413,0.9879495495187167,2020-11-30
119.87056732177734,114.7657585144043,113.26905136108398,92.1507851600647,127728200,1.6484743532709958,1.0184053744292252,2020-12-01
120.22221374511719,115.39237365722656,113.49298004150391,92.35921728134156,89004200,1.653310236868169,1.0213929185397557,2020-12-02
120.08545684814453,115.79226646423339,113.80563766479492,92.57099420547485,78967600,1.651429539693464,1.020231049016828,2020-12-03
119.4114761352539,115.95953903198242,114.08336334228515,92.78819833755493,78260400,1.642160876462589,1.0145049930248935,2020-12-04
120.87665557861328,116.20666542053223,114.31121459960937,93.03077150344849,86712000,1.662310199096845,1.0269529746517336,2020-12-07
121.49202728271484,116.60030746459961,114.4991081237793,93.28867673873901,82225500,1.6707728642414672,1.0321810958221826,2020-12-08
118.95238494873047,116.88406219482422,114.65317565917968,93.5283386039734,115089200,1.6358473996541818,1.0106046116205618,2020-12-09
120.37848663330078,117.06720848083496,114.8022216796875,93.79834325790405,81312200,1.6554593202840397,1.0227205934874894,2020-12-10
119.56776428222656,117.22349319458007,114.91594131469726,94.06448843002319,86939800,1.6443101697191487,1.0158327976093942,2020-12-11
118.95238494873047,117.34656600952148,115.0908757019043,94.29667573928833,79184500,1.635847399654182,1.0106046116205618,2020-12-14
124.9107666015625,117.71676597595214,115.3171110534668,94.57017015457153,157243700,1.7177877755208242,1.061226278254171,2020-12-15
124.8423843383789,118.12799072265625,115.60711517333985,94.8270387840271,98208600,1.7168473744732995,1.0606453110835155,2020-12-16
125.71173095703125,118.6491039276123,115.87706237792969,95.10016981124878,94359800,1.7288027329651325,1.0680311714198634,2020-12-17
123.71910095214844,119.04079399108886,116.10930221557618,95.36805772781372,192541500,1.7013998472359781,1.051102035673186,2020-12-18
125.25263214111328,119.5726505279541,116.33320861816406,95.6713515663147,121251600,1.722489151236381,1.064130725197148,2020-12-21
128.81788635253906,120.45321846008301,116.4835205078125,95.96921075820923,168904800,1.7715189528110253,1.094420679864467,2020-12-22
127.91922760009766,121.22438621520996,116.68021560668946,96.27460149765015,88223700,1.7591604903557214,1.086785787298993,2020-12-23
128.90582275390625,122.00288276672363,116.89488784790039,96.61792957305909,54930100,1.7727282647014382,1.0951677765518457,2020-12-24
133.51622009277344,122.98454895019532,117.21112869262696,96.94822326660156,124486200,1.8361309993452966,1.1343371367464357,2020-12-28
131.7384490966797,123.75718193054199,117.52477279663086,97.31301904678345,121047300,1.8116828803572325,1.1192334163138273,2020-12-29
130.6151580810547,124.29441146850586,117.87523681640624,97.65927576065063,96452100,1.7962352481995667,1.1096900760851145,2020-12-30
129.6090545654297,124.76375350952148,118.17574111938477,98.00801288604737,99116600,1.782399192533029,1.1011423462258392,2020-12-31
126.40521240234375,125.07974128723144,118.42464950561524,98.34302406311035,143301900,1.7383395725964848,1.073922903199837,2021-01-04
127.96810150146484,125.507572555542,118.72665802001953,98.70470590591431,97664900,1.7598326100824255,1.087201013863226,2021-01-05
123.66048431396484,125.64676399230957,118.95636047363281,99.05075887680054,155088000,1.7005937442293813,1.0506040360333169,2021-01-06
127.88014221191406,125.96616973876954,119.27026107788086,99.3905965423584,109578200,1.7586229834309794,1.086453722720697,2021-01-07
128.9839630126953,126.46774864196777,119.57600952148438,99.73760356903077,105158200,1.7738028588695467,1.0958316464349045,2021-01-08
125.98522186279297,126.74808540344239,119.92709426879883,100.05393978118896,100384500,1.7325638125535097,1.0703547160105684,2021-01-11
125.80940246582031,127.06016731262207,120.1943145751953,100.3823802947998,91951100,1.7301459232150955,1.068860976364495,2021-01-12
127.85088348388672,127.50509223937988,120.62834716796876,100.71244955062866,88636800,1.7582206139099201,1.086205144220255,2021-01-13
125.91683959960938,127.55539588928222,121.0254541015625,101.03347953796387,90221800,1.7316234115059852,1.069773748839913,2021-01-14
124.18791198730469,127.52267227172851,121.35541412353516,101.36210004806519,111598500,1.7078469925632465,1.055084995698004,2021-01-15
124.86193084716797,127.48018226623535,121.61090072631836,101.68921283721924,90757300,1.717116180395844,1.0608113757818556,2021-01-19
128.96441650390625,127.74244804382325,121.86886856079101,102.04110918045043,104319500,1.7735340529470032,1.0956655817365648,2021-01-20
133.69203186035156,128.16441802978517,122.2240266418457,102.39108951568603,120150900,1.8385487837633676,1.1358308115741262,2021-01-21
135.8409423828125,128.51557083129882,122.6684617614746,102.7555031967163,114459400,1.8681008578287372,1.1540876870869208,2021-01-22
139.60154724121094,129.09968681335448,123.19494689941406,103.13066284179688,157611700,1.9198171448236507,1.1860373164618863,2021-01-25
139.83595275878906,129.64619331359864,123.65735473632813,103.50466484069824,98390600,1.9230407174872848,1.1880287964742953,2021-01-26
138.76153564453125,129.90845909118653,124.10374404907226,103.86691226959229,140843800,1.9082652050563222,1.1789006828098152,2021-01-27
133.90689086914062,130.01688117980956,124.45206329345703,104.188141746521,142621100,1.841503550504458,1.1376562268881956,2021-01-28
128.8960418701172,129.9309253692627,124.6798487854004,104.48749599456787,177523800,1.7725937568198231,1.095084679384293,2021-01-29
131.02542114257812,130.00174369812012,124.96799942016601,104.79475482940674,106239800,1.8018772348033383,1.1131756198355145,2021-02-01
131.85568237304688,130.27426719665527,125.29932373046876,105.1108850479126,83305400,1.8132950863704287,1.1202294155935661,2021-02-02
130.83006286621094,130.41736526489257,125.59821899414062,105.42900978088379,89880900,1.799190644462725,1.1115158803094847,2021-02-03
134.199951171875,130.9443386077881,125.98990798950196,105.77437061309814,84183100,1.8455337507764118,1.1401460306323905,2021-02-04
133.78419494628906,131.23954124450682,126.44146133422852,106.10827320098878,75693800,1.8398162215246197,1.1366138176459237,2021-02-05
133.93093872070312,131.48689002990722,126.87016265869141,106.44420783996583,71297200,1.8418342594302415,1.137860534432757,2021-02-08
133.05050659179688,131.84015426635742,127.26445495605469,106.76610599517822,76774200,1.829726451677887,1.1303804929852899,2021-02-09
132.44398498535156,132.171883392334,127.63567672729492,107.08472869873047,73046600,1.8213854941328553,1.1252275611396163,2021-02-10
132.1896514892578,132.38882179260253,127.95375396728515,107.40764938354492,64280000,1.8178878695294542,1.1230667755096964,2021-02-11
132.4244384765625,132.7142017364502,128.20483139038086,107.72064136505126,60145100,1.8211166882103116,1.1250614964412764,2021-02-12
130.29188537597656,133.0194004058838,128.40622482299804,108.01560535430909,80576300,1.7917895633634953,1.1069435915425492,2021-02-16
127.99298858642578,133.17595329284669,128.56437545776367,108.30481422424316,97918500,1.760174860246102,1.0874124514299648,2021-02-17
126.88761901855469,133.0721134185791,128.71389831542967,108.58353332519532,96856700,1.7449736859776066,1.0780213695839216,2021-02-18
127.04411315917969,132.7397174835205,128.837247467041,108.85769607543945,87668800,1.747125812083467,1.0793509242647745,2021-02-19
123.25831604003906,132.11058616638184,128.8725732421875,109.10920463562012,103916400,1.6950630781110987,1.0471872645877334,2021-02-22
123.12137603759766,131.28657760620118,128.95595306396484,109.3562548828125,158273000,1.6931798628481263,1.0460238394236034,2021-02-23
122.6224594116211,130.42590293884277,129.00083251953126,109.59203826904297,111039900,1.6863187018415624,1.0417851060577832,2021-02-24
118.35733795166016,129.40569305419922,128.9766239929199,109.80055854797364,148199500,1.6276642423072407,1.005549166623562,2021-02-25
118.6214599609375,128.64142150878905,128.97000549316405,110.01477958679199,164560400,1.6312964797126024,1.0077931142394188,2021-02-26
125.00936126708984,128.44708747863768,128.9719773864746,110.26551486968994,116307900,1.7191436611324682,1.062063926223197,2021-03-01
122.3974838256836,128.01569061279298,128.9230793762207,110.5008911895752,102260900,1.6832248107236985,1.0398737415672898,2021-03-02
119.404052734375,127.39310913085937,128.79692581176758,110.72352695465088,112966300,1.6420587889674156,1.0144419247378187,2021-03-03
117.51602935791016,126.72740745544434,128.6728643798828,110.9279016494751,178155000,1.6160944660813508,0.9984015138463079,2021-03-04
118.77798461914062,125.95630912780761,128.54337142944337,111.14080047607422,153766600,1.6334490254998402,1.0091229281938052,2021-03-05
113.82807922363281,124.9585033416748,128.24357528686522,111.32154026031495,154376600,1.5653773355268676,0.9670691499367171,2021-03-08
118.45516204833984,124.18471450805664,128.0542939758301,111.52831111907959,129525800,1.6290095309640917,1.0063802679358618,2021-03-09
117.36930847167969,123.40065460205078,127.82356369018555,111.72717063903809,111943300,1.6140767429367622,0.9971549915146248,2021-03-10
119.30622863769531,122.74376678466797,127.53936386108398,111.93834274291993,103026500,1.640713500310564,1.0136108234255188,2021-03-11
118.39647674560547,122.05410804748536,127.2725244140625,112.14328723907471,88105100,1.6282024836743942,1.005881684930542,2021-03-12
121.29205322265625,121.49748878479004,127.08606231689453,112.36253917694091,92403800,1.6680227970924475,1.0304821411741794,2021-03-15
122.8376693725586,121.12477798461914,126.95063461303711,112.58989643096923,115227900,1.6892782949184981,1.0436135030174898,2021-03-16
122.04530334472656,120.82739372253418,126.86343643188476,112.80853462219238,111932600,1.6783815827024124,1.0368816601699196,2021-03-17
117.9073486328125,120.37838020324708,126.66222137451172,113.0046700668335,121229700,1.6214759354697914,1.0017261135506585,2021-03-18
117.37909698486328,119.89512939453125,126.53659362792969,113.1959986114502,185549500,1.6142113557387232,0.9972381535005618,2021-03-19
120.70510864257812,119.7674690246582,126.39309295654297,113.40736389160156,111912300,1.6599510651513372,1.0254955333003792,2021-03-22
119.87360382080078,119.60508041381836,126.21088577270508,113.60340267181397,95467100,1.6485161115680975,1.018431172145829,2021-03-23
117.4769287109375,119.34780387878418,126.04071990966797,113.78507335662842,88530500,1.6155567493159193,0.9980693196312452,2021-03-24
117.96603393554688,119.32823867797852,125.8838525390625,113.95637786865234,98844700,1.6222829827594887,1.0022246965559785,2021-03-25
118.57254028320312,119.3257926940918,125.69828567504882,114.11994731903076,94071200,1.6306237304638316,1.0073774987648854,2021-03-26
118.74861907958984,119.0127555847168,125.55492126464844,114.3050076675415,80819200,1.633045187093958,1.0088734422359953,2021-03-29
117.29106140136719,118.75743446350097,125.4169842529297,114.47925193786621,85671900,1.613000679883832,0.9964902141741985,2021-03-30
119.49210357666016,118.76183700561523,125.30958770751953,114.65940349578858,118323800,1.6432696746629956,1.015189993700949,2021-03-31
120.32360076904297,118.90221557617187,125.13677139282227,114.83265289306641,75089100,1.6547045233258906,1.0222542900371157,2021-04-01
123.16050720214844,119.12134170532227,124.92614089965821,115.02068298339844,88651200,1.6937179992949347,1.0463562929122,2021-04-05
123.46376037597656,119.60312576293946,124.67859725952148,115.21005897521972,80171300,1.6978883731471062,1.0489326940166535,2021-04-06
125.11698150634766,119.93621673583985,124.38890594482422,115.41014667510986,83466700,1.7206236675116247,1.0629782543398172,2021-04-07
127.52346801757812,120.44392471313476,124.14265625,115.61113410949707,88844600,1.753717957326797,1.083423463295488,2021-04-08
130.10601806640625,120.98391418457031,123.9695458984375,115.81571453094483,106686700,1.7892334939314067,1.105364486085502,2021-04-09
128.38430786132812,121.48330574035644,123.85909423828124,116.0195584487915,91420000,1.765556329634541,1.0907370511343149,2021-04-12
131.50489807128906,121.99394798278809,123.91127136230469,116.23318950653076,91266500,1.8084710587721795,1.1172491959603623,2021-04-13
129.15713500976562,122.30992126464844,123.87390563964844,116.44872066497803,87222800,1.7761843408484272,1.0973028941019285,2021-04-14
131.57334899902344,122.78632354736328,123.86825897216796,116.66641700744628,89347100,1.8094124041028046,1.1178307464964687,2021-04-15
131.24078369140625,123.45299530029297,123.87647338867187,116.87877616882324,84922400,1.8048389262871622,1.1150053131628892,2021-04-16
131.90594482421875,124.17933769226075,123.83059326171875,117.0953006362915,94264200,1.8139863015998248,1.1206564391035823,2021-04-19
130.213623046875,124.65476341247559,123.75918182373047,117.30336349487305,94812300,1.7907132904698746,1.1062786845653556,2021-04-20
130.5951385498047,125.19084014892579,123.6924658203125,117.50148338317871,68847100,1.7959599372156652,1.1095199926470023,2021-04-21
129.06903076171875,125.77044525146485,123.61283630371094,117.69338413238525,84566500,1.774972720710436,1.0965543714101147,2021-04-22
131.39724731445312,126.44200592041015,123.59190155029297,117.88636516571044,78657500,1.8069906327116447,1.1163346085702088,2021-04-23
131.78857421875,127.1028076171875,123.58388000488281,118.0793074798584,66905100,1.8123722070204296,1.1196592730929427,2021-04-26
131.46578979492188,127.7386661529541,123.56470703125,118.26982074737549,66015800,1.8079332370864036,1.1169169369269163,2021-04-27
130.6733856201172,128.4077823638916,123.57233703613281,118.45852550506592,107760100,1.7970360002685957,1.110184769987429,2021-04-28
130.57554626464844,128.96195449829102,123.62398818969727,118.63905158996582,151101000,1.795690501771055,1.109353539038362,2021-04-29
128.5995330810547,129.3757511138916,123.65822647094727,118.80644912719727,109839500,1.7685161325521659,1.0925655777307886,2021-04-30
129.65602111816406,129.70052680969238,123.71046463012695,118.9849813079834,75135100,1.7830450821736132,1.1015413681942152,2021-05-03
125.06805419921875,129.7807415008545,123.74665939331055,119.14152271270751,137564700,1.7199508133425099,1.0625625740469005,2021-05-04
125.31263732910156,129.7905242919922,123.79048461914063,119.2894076538086,84000900,1.7233143497456724,1.0646405217828008,2021-05-05
126.91693115234375,129.76019744873048,123.87637405395508,119.45192058563232,78128300,1.7453767899410761,1.0782704018130476,2021-05-06
127.59310150146484,129.6345516204834,124.06108932495117,119.6164881515503,78973300,1.7546755653108155,1.0840150606810257,2021-05-07
124.30060577392578,129.43036651611328,124.17467224121094,119.7861406326294,88071200,1.709396770971478,1.0560424280396026,2021-05-10
123.37950134277344,129.0240966796875,124.14207504272461,119.95230693817139,126142800,1.6967296328627302,1.0482168397900866,2021-05-11
120.30260467529297,128.58137016296388,124.1001774597168,120.09240634918213,112172300,1.6544157825378967,1.0220759098459251,2021-05-12
122.45838928222656,128.12562217712403,124.16126419067383,120.25086456298828,105861300,1.6840623898336375,1.0403911867221871,2021-05-13
124.88854217529297,127.80801010131836,124.30871444702149,120.41277431488037,81918000,1.7174821425573696,1.0610374623032484,2021-05-14
123.73226165771484,127.39932594299316,124.40779998779297,120.5633059310913,74244600,1.7015808348301962,1.0512138473845973,2021-05-17
122.3407974243164,127.00568466186523,124.57805435180664,120.65787231445313,63342900,1.6824452525642526,1.039392140978428,2021-05-18
122.18402099609375,126.58512878417969,124.65263153076172,120.73862415313721,92612000,1.6802892444056465,1.038060188017388,2021-05-19
124.75135803222656,126.36924514770507,124.80027252197266,120.82867218017579,76857100,1.7155955698433742,1.0598719629508488,2021-05-20
122.90912628173828,125.94483909606933,124.87233047485351,120.90757453918457,79295400,1.6902609788648453,1.0442205919966665,2021-05-21
124.54557037353516,125.58268890380859,124.99531234741211,120.97597095489502,63092900,1.7127655533918644,1.0581236166946746,2021-05-24
124.349609375,125.2268798828125,125.05646347045898,121.05599071502685,72009500,1.7100706743440375,1.056458756516354,2021-05-25
124.30060577392578,124.90824089050292,125.08572219848632,121.1278914642334,56575900,1.709396770971478,1.0560424280396028,2021-05-26
122.76216125488281,124.51757164001465,125.10005935668946,121.20844524383546,94625600,1.6882398982692333,1.0429719954767136,2021-05-27
122.10562896728516,124.19287643432617,125.1840249633789,121.26799377441407,71311100,1.6792111878661713,1.0373941791276764,2021-05-28
121.7822494506836,123.79918785095215,125.2720880126953,121.31617446899413,67637100,1.674764034145276,1.0346467871277427,2021-06-01
122.54656982421875,123.67311363220215,125.30891723632813,121.36867645263672,59278900,1.6852750591750734,1.0411403575978355,2021-06-02
121.05714416503906,123.46033897399903,125.3325880432129,121.41519397735595,76229200,1.6647922996860776,1.0284863831484645,2021-06-03
123.35989379882812,123.28248710632325,125.4502473449707,121.46856922149658,75169300,1.6964599875774307,1.0480502565446796,2021-06-04
123.36969757080078,123.07131690979004,125.55832061767578,121.5212865447998,71057600,1.6965948102200803,1.0481335481673832,2021-06-07
124.19281768798828,123.06592750549316,125.67072616577148,121.56560161590576,74403800,1.7079144563447426,1.0551266739185474,2021-06-08
124.57496643066406,123.12570075988769,125.78725311279297,121.58211120605469,56877900,1.7131698114791245,1.0583733619260185,2021-06-09
123.57547760009766,123.28934440612792,125.91294143676758,121.58637111663819,71186400,1.699424721751246,1.0498818296051742,2021-06-10
124.79055786132812,123.40595283508301,126.01891052246094,121.60174034118653,53522400,1.7161346505732842,1.0602049998048964,2021-06-11
127.85765075683594,123.55440826416016,126.16959152221679,121.62416889190673,96906500,1.7583136782554678,1.0862626381263543,2021-06-14
127.03451538085938,123.71952095031739,126.24707168579101,121.6498560333252,62746300,1.7469938222901167,1.0792693827384234,2021-06-15
127.5342788696289,123.97919502258301,126.32848205566407,121.6790291595459,91815000,1.7538666294549172,1.0835153109448041,2021-06-16
129.1412811279297,124.32705802917481,126.4089680480957,121.69560180664062,96721700,1.7759663163726092,1.0971682015011675,2021-06-17
127.83806610107422,124.48139343261718,126.41526000976563,121.68059841156006,108953300,1.7580443477312016,1.0860962493360973,2021-06-18
129.64109802246094,124.81799201965332,126.40596160888671,121.68816410064697,79663300,1.7828398579798206,1.1014145834362319,2021-06-21
131.28729248046875,125.155078125,126.46402130126953,121.75525089263915,74783600,1.805478520707078,1.1154004460282594,2021-06-22
131.012939453125,125.48824462890624,126.45418212890625,121.82057579040527,60214200,1.8017055851197759,1.1130695769602272,2021-06-23
130.728759765625,125.80965232849121,126.48561462402344,121.92416641235351,68711000,1.7977975121287906,1.110655221814341,2021-06-24
130.43478393554688,126.19328346252442,126.46284332275391,122.00434730529786,70783700,1.7937547214155003,1.1081576398641348,2021-06-25
132.0712432861328,126.69156417846679,126.47945251464844,122.1113837814331,62111300,1.8162595057832085,1.1220607941989096,2021-06-28
133.5900421142578,127.28195381164551,126.51313446044922,122.23327869415283,64556100,1.8371462085984311,1.1349643194244743,2021-06-29
134.20741271972656,127.8649959564209,126.59301025390624,122.34187877655029,63261400,1.845636362873306,1.140209423011381,2021-06-30
134.5111846923828,128.53769798278807,126.67133117675782,122.45112014770508,52485800,1.8498138713089016,1.1427902317659075,2021-07-01
137.1471405029297,129.22706031799316,126.83289337158203,122.59016674041749,78852600,1.8860638503248328,1.16518498323991,2021-07-02
139.16571044921875,130.01686096191406,126.98826263427735,122.7480333328247,108181800,1.9138234652252006,1.1823345014902389,2021-07-06
141.66445922851562,130.89044303894042,127.18578033447265,122.93545783996582,104911600,1.9481865567661025,1.2035635591566913,2021-07-07
140.36122131347656,131.67975578308105,127.36368896484375,123.10056968688964,105575500,1.9302642733636617,1.192491412536471,2021-07-08
142.19361877441406,132.61066284179688,127.59409362792968,123.2664088821411,99890800,1.9554636220181634,1.2080592325944162,2021-07-09
141.59588623046875,133.4509292602539,127.81450042724609,123.45212543487548,76299700,1.9472435327099662,1.2029809715264503,2021-07-12
142.7129669189453,134.19369506835938,128.0967691040039,123.6380643081665,100827100,1.9626057597072297,1.2124715495910536,2021-07-13
146.1523895263672,135.14958877563475,128.42669647216798,123.82140579223633,127050800,2.0099051100404566,1.2416924546605124,2021-07-14
145.49586486816406,136.04766807556152,128.83525268554686,123.98839836120605,106820300,2.000876504557739,1.2361147031298587,2021-07-15
143.44789123535156,136.76299858093262,129.19795776367187,124.14939277648926,93251400,1.972712526649767,1.2187153748298025,2021-07-16
139.58705139160156,137.35044784545897,129.45136016845703,124.28269710540772,121434600,1.9196177961691478,1.1859141615333741,2021-07-19
143.2127227783203,138.02902908325194,129.76375259399413,124.42935180664062,96350000,1.9694784619516859,1.216717412979051,2021-07-20
142.47779846191406,138.58855438232422,130.1272964477539,124.5907124710083,74993500,1.9593716950091487,1.2104735877403021,2021-07-21
143.84967041015625,139.2303909301758,130.53669982910156,124.7419658279419,77338200,1.9782378418304818,1.222128840537831,2021-07-22
145.5742645263672,139.9726661682129,131.04213302612305,124.9181262588501,71447400,2.001954666017559,1.2367807768379535,2021-07-23
145.99566650390625,140.75071029663087,131.51287857055664,125.08703273773193,72434100,2.007749836324262,1.2403609554281563,2021-07-26
143.8202362060547,141.33815994262696,131.89151245117188,125.24559837341309,104818600,1.9778330591414992,1.22187877121457,2021-07-27
142.06622314453125,141.76196899414063,132.2581916809082,125.38564292907715,118931200,1.9537116621061286,1.2069768952279532,2021-07-28
142.7129669189453,142.18724670410157,132.6656350708008,125.49269630432129,56699500,1.96260575970723,1.2124715495910536,2021-07-29
142.92852783203125,142.60811386108398,133.08052520751954,125.6169165802002,70440600,1.9655701791200118,1.214302928196398,2021-07-30
142.59539794921875,142.88052673339843,133.43740600585937,125.7390325164795,62880000,1.9609889371988782,1.2114726983024446,2021-08-02
144.3984375,143.1421630859375,133.86719223022462,125.87250381469727,64786600,1.9857845523678421,1.226791097220963,2021-08-03
143.99664306640625,143.25877227783204,134.25621368408204,126.01220581054687,56368300,1.9802590273464384,1.2233775018761675,2021-08-04
144.10438537597656,143.44593048095703,134.65130920410155,126.16726795196533,46397700,1.981740712451107,1.2242928670869226,2021-08-05
143.41748046875,143.50712356567382,135.03364669799805,126.31143615722657,54126800,1.9722943141566922,1.218457008753463,2021-08-06
143.36842346191406,143.5957504272461,135.44577194213866,126.45847930908204,48908700,1.9716196763417213,1.218040226548028,2021-08-09
142.88755798339844,143.60447998046874,135.86141052246094,126.60857872009278,69023100,1.9650067568701841,1.2139548534773956,2021-08-10
143.14268493652344,143.45399475097656,136.28861923217772,126.76341533660889,48493500,1.9685152931894105,1.2161223802191918,2021-08-11
146.11622619628906,143.48501281738282,136.76001235961914,126.93307090759278,72282600,2.0094077876076484,1.241385215523069,2021-08-12
146.32232666015625,143.62873458862305,137.26531600952148,127.09619983673096,59375000,2.012242105793282,1.243136219332964,2021-08-13
148.30470275878906,144.06461715698242,137.7642121887207,127.29556842803954,103296000,2.0395039785794626,1.2599782391723156,2021-08-16
147.3920135498047,144.27358169555663,138.24465850830077,127.4702865600586,92229700,2.02695256761067,1.2522241455997194,2021-08-17
143.6333465576172,144.33135910034179,138.63346908569335,127.6577070236206,86326000,1.9752629303832532,1.2202909800941444,2021-08-18
143.967041015625,144.33722763061525,139.02131057739257,127.84723476409913,86960300,1.9798519364098777,1.223126006548471,2021-08-19
145.42926025390625,144.3299774169922,139.45838623046876,128.03593151092528,60549600,1.9999605499504776,1.2355488386425417,2021-08-20
146.92095947265625,144.3762420654297,139.90099426269532,128.21009830474853,60131800,2.020474575702127,1.248222128970174,2021-08-23
146.8326416015625,144.52686233520507,140.28049407958986,128.36393138885498,48606400,2.0192600177944904,1.247471791363624,2021-08-24
145.59609985351562,144.7033561706543,140.65172576904297,128.51224124908447,58991300,2.0022549480434453,1.2369662870513216,2021-08-25
144.7913818359375,144.8072769165039,140.99686782836915,128.66810222625733,48597200,1.9911883697896555,1.2301295032409834,2021-08-26
145.83164978027344,144.95243301391602,141.33067520141603,128.8308740234375,55802400,2.00549425875875,1.2389674898212446,2021-08-27
150.26744079589844,145.33603515625,141.7792626953125,128.99863342285155,90956700,2.0664957863989657,1.2766534164927261,2021-08-30
149.00146484375,145.5661865234375,142.16647003173827,129.16143039703368,86453100,2.049085933958938,1.2658978428571628,2021-08-31
149.66880798339844,145.84979476928712,142.5341003417969,129.32731979370118,80313700,2.0582633164901205,1.271567506855516,2021-09-01
150.7875518798828,146.18395309448243,142.92959259033202,129.49372371673584,71115500,2.0736484161224795,1.2810722153277063,2021-09-02
151.4254608154297,146.5843521118164,143.34352661132812,129.6677615737915,57808700,2.0824210159646794,1.2864918100027984,2021-09-03
153.77096557617188,147.1044792175293,143.81025024414063,129.8601690673828,82278300,2.1146766774664676,1.306418925619738,2021-09-07
152.22035217285156,147.57111892700195,144.213232421875,130.041844329834,74420200,2.0933524568147863,1.2932451077352831,2021-09-08
151.19973754882812,147.97397155761718,144.5654263305664,130.22476551055908,57305700,2.079316842653058,1.2845740933107297,2021-09-09
146.19473266601562,147.9778968811035,144.8051727294922,130.39970653533936,140893200,2.010487417952291,1.2420521966885323,2021-09-10
146.7639923095703,147.9999801635742,145.05022888183595,130.5710471343994,102404300,2.0183159445349093,1.2468885555495488,2021-09-13
145.36056518554688,147.8527732849121,145.2144973754883,130.731170501709,109296300,1.9990158471688297,1.2349652139181662,2021-09-14
146.2536163330078,147.79585342407228,145.35625549316407,130.8930241012573,83281300,2.011297193170945,1.2425524649718214,2021-09-15
146.01808166503906,147.91509017944335,145.44332794189452,131.04168556213378,68034100,2.008058092296329,1.2405513918386655,2021-09-16
143.3389892578125,147.88368759155273,145.50288330078126,131.15902767181396,129868800,1.9712148936527392,1.2177901572247671,2021-09-17
140.27708435058594,147.6260787963867,145.4645526123047,131.2593020248413,123478900,1.9291072118047983,1.1917765954040396,2021-09-20
140.7579345703125,147.31792755126952,145.44779357910156,131.36266441345214,75834000,1.9357199214356466,1.195861838837905,2021-09-21
143.13287353515625,147.13293914794923,145.4561917114258,131.48127140045165,76404300,1.9683803656264172,1.2160390237781056,2021-09-22
144.09463500976562,147.05786590576173,145.41503662109375,131.59736129760742,64838200,1.9816066242508696,1.224210029192904,2021-09-23
144.1829376220703,147.02744369506837,145.3887780761719,131.7108158493042,53477900,1.982820972317817,1.224960237162687,2021-09-24
142.66180419921875,146.86895141601562,145.3730563354492,131.82936294555665,74150700,1.9619021638771852,1.2120368775117938,2021-09-27
139.2662811279297,146.3188934326172,145.36664093017578,131.9238019180298,108972300,1.9152065252060644,1.1831889374205737,2021-09-28
140.16915893554688,145.87727813720704,145.3057696533203,132.02680889129638,74602000,1.9276230086118629,1.190859674552083,2021-09-29
138.86392211914062,145.33703384399413,145.23349212646485,132.12636657714845,89056700,1.9096732360791697,1.1797705455154048,2021-09-30
139.99246215820312,144.79727935791016,145.15634796142578,132.20177505493163,94639600,1.925193053433834,1.1893584807919155,2021-10-01
136.54788208007812,144.05340042114258,144.9758203125,132.26030254364014,98322000,1.8778227769477422,1.1600937584952602,2021-10-04
138.48117065429688,143.28891067504884,144.82553039550783,132.32414974212645,80861100,1.9044095922375741,1.176518736855643,2021-10-05
139.35459899902344,142.64562301635743,144.73621765136718,132.40232723236085,83221100,1.916421083113701,1.183939275027124,2021-10-06
140.62054443359375,142.1166633605957,144.70730407714845,132.47916679382325,61732700,1.9338305158723506,1.1946945893891536,2021-10-07
140.23782348632812,141.81881790161134,144.6578012084961,132.53626647949218,58773200,1.928567291712133,1.1914430400029254,2021-10-08
140.14950561523438,141.48809356689452,144.60222076416017,132.59741786956786,64452200,1.9273527338044965,1.1906927023963754,2021-10-11
138.8737335205078,141.16375198364258,144.52778747558594,132.64725742340087,73035900,1.9098081636421638,1.179853901956492,2021-10-12
138.28489685058594,140.76531600952148,144.40551666259765,132.67110080718993,78762700,1.9017104114556236,1.1748512191236018,2021-10-13
141.08180236816406,140.51850204467775,144.34721984863282,132.71781757354736,69907100,1.940173790058588,1.1986133792143785,2021-10-14
142.1416778564453,140.45863647460936,144.30796569824219,132.7754501724243,67940300,1.9547493243129819,1.2076179490400467,2021-10-15
143.81983947753906,140.63577423095703,144.31601287841798,132.84650409698486,85589200,1.9778276032835873,1.221875400658633,2021-10-18
145.9886474609375,140.89730987548828,144.36841735839843,132.94442127227782,76378900,2.0076533096073463,1.240301322515405,2021-10-19
146.47935485839844,141.06463394165038,144.44025329589843,133.0369775390625,58418800,2.0144015763232557,1.2444703113006579,2021-10-20
146.69525146484375,141.1946647644043,144.51130462646483,133.1521513748169,61421000,2.0173706122311943,1.246304541914873,2021-10-21
145.91995239257812,141.2815155029297,144.50737915039062,133.24235042572022,58883400,2.0067086068256983,1.239717697791029,2021-10-22
145.8708953857422,141.44197006225585,144.49835052490235,133.32678508758545,50720600,2.0060339690107276,1.2393009155855939,2021-10-25
146.5382537841797,141.80556869506836,144.46302154541016,133.4295502471924,60893400,2.015211561382599,1.2449707092207138,2021-10-26
146.07696533203125,142.10095901489257,144.4367205810547,133.53088806152343,56094900,2.0088678675149834,1.2410516601219552,2021-10-27
149.72769165039062,142.64414749145507,144.55860748291016,133.64027210235596,100077900,2.0590730917087754,1.272067775138806,2021-10-28
147.00930786132812,142.99498977661133,144.61945281982423,133.74573444366456,124953200,2.021689553291142,1.248972725850259,2021-10-29
146.18492126464844,143.47684173583986,144.63456604003906,133.85571949005126,74588300,2.010352490389297,1.241968840247446,2021-11-01
147.2251739501953,143.91404190063477,144.64065032958985,133.9675357055664,69122000,2.0246581695177026,1.2508066971909404,2021-11-02
148.6678009033203,144.37970199584962,144.677353515625,134.06605262756347,54511500,2.0444973476136923,1.2630630756763708,2021-11-03
148.14767456054688,144.75605850219728,144.72838500976562,134.13833084106446,60394600,2.037344508049489,1.2586441472046235,2021-11-04
148.67840576171875,145.1780876159668,144.80612548828125,134.202518157959,65463900,2.0446431868925115,1.263153173229334,2021-11-05
147.8528289794922,145.5632537841797,144.84654907226562,134.2437745666504,55020900,2.0332897564169286,1.2561391759587064,2021-11-08
148.2164764404297,146.03039093017577,144.80552978515624,134.2856771850586,56787900,2.03829067971596,1.2592286793863674,2021-11-09
145.37619018554688,146.38495559692382,144.7330242919922,134.31875045776368,65187100,1.9992307240343135,1.235097961967425,2021-11-10
145.32701110839844,146.59721603393555,144.64618835449218,134.37585105895997,41000000,1.998554407493831,1.234680142667855,2021-11-11
147.41058349609375,146.86066131591798,144.5786489868164,134.46842376708983,63804000,2.0272079437291213,1.2523819135449814,2021-11-12
147.42039489746094,147.04068908691406,144.49854766845704,134.55039863586427,59222800,2.0273428712921153,1.2524652699860686,2021-11-15
148.40321350097656,147.16141738891602,144.3911926269531,134.63313629150392,59256200,2.0408587100673174,1.2608151741391251,2021-11-16
150.85037231445312,147.37996826171874,144.36379302978514,134.7332378387451,88807000,2.0745123302388833,1.281605929896845,2021-11-17
155.15504455566406,147.80295791625977,144.44289916992187,134.83801330566405,137827700,2.1337106968389605,1.3181778878307513,2021-11-18
157.78895568847656,148.3964080810547,144.67478363037108,134.958037109375,117305600,2.1699325572025723,1.3405552679779953,2021-11-19
158.25091552734375,149.01540908813476,144.90452209472656,135.0796369934082,117467900,2.1762854840605015,1.3444800210944956,2021-11-22
158.6341552734375,149.62020416259764,145.16999389648439,135.2075552368164,96041900,2.1815558428041437,1.347735978130797,2021-11-23
159.15505981445312,150.27410888671875,145.4280227661133,135.34111061096192,69463600,2.1887193842434827,1.3521615180776536,2021-11-24
154.11329650878906,150.49338912963867,145.5899270629883,135.45072883605957,76959800,2.1193844533230375,1.3093273264841052,2021-11-26
157.4843292236328,151.01714019775392,145.87283386230467,135.57602828979492,88748200,2.1657432976883952,1.337967199564525,2021-11-29
162.457275390625,151.83075790405275,146.31643768310548,135.73685523986816,174048100,2.234131847101681,1.3802167293395626,2021-11-30
161.93641662597656,152.5663200378418,146.74000732421874,135.9065723800659,152052500,2.2269689351844084,1.3757915783030064,2021-12-01
160.9437713623047,153.18011856079102,147.09622528076173,136.07685314178468,136739200,2.2133179590055234,1.3673581880720962,2021-12-02
159.05679321289062,153.7255744934082,147.39546844482422,136.23691654205322,118023100,2.1873680102066517,1.351326657299115,2021-12-03
162.4769287109375,154.41550064086914,147.76134826660157,136.4330096054077,107497000,2.234402121909047,1.3803837014952702,2021-12-06
168.2361602783203,155.43466720581054,148.27283538818358,136.65858352661132,120405400,2.3136037620238716,1.4293134138662864,2021-12-07
172.06907653808594,156.62729721069337,148.92889129638672,136.90581661224365,116998900,2.366314484043714,1.4618773918793722,2021-12-08
171.55804443359375,157.9363899230957,149.55666900634765,137.1718201446533,108923700,2.359286709530125,1.45753572692067,2021-12-09
176.3639373779297,159.48823623657228,150.30666931152345,137.4605325317383,115402700,2.4253779230807972,1.4983659933721913,2021-12-10
172.71774291992188,160.75359420776368,150.96117492675782,137.69907444000245,153237000,2.375235021571623,1.467388380475096,2021-12-13
171.3319854736328,161.94917373657228,151.6568569946289,137.9437469482422,139380400,2.3561779197233466,1.45561515821973,2021-12-14
176.21653747558594,163.33983993530273,152.41156433105468,138.22780937194824,131063300,2.4233508620255506,1.4971137022043832,2021-12-15
169.29759216308594,164.26220092773437,153.01042419433594,138.48671718597413,150185800,2.328200700028539,1.4383312066421738,2021-12-16
168.1968536376953,164.91429138183594,153.56195037841798,138.7338115310669,195432700,2.3130632124091397,1.428979469554871,2021-12-17
166.83078002929688,165.36638259887695,154.09380950927735,138.99882503509522,107499100,2.294276805049607,1.4173734787287464,2021-12-20
170.01502990722656,165.9545883178711,154.6911199951172,139.25662437438965,91185900,2.3380669895415407,1.4444264681461083,2021-12-21
172.6194610595703,166.65385360717772,155.36603454589843,139.5328751373291,92135300,2.373883437694103,1.4665533900597907,2021-12-22
173.24844360351562,167.35852279663087,156.06530548095702,139.8025862121582,68356600,2.3825332807332678,1.4718971472262732,2021-12-23
177.2288055419922,168.51429824829103,156.7882455444336,140.09674785614013,74919600,2.4372716933304237,1.5057138053174677,2021-12-27
176.2067108154297,169.45041732788087,157.46954620361328,140.371321144104,79144300,2.4232157246218673,1.4970302161265294,2021-12-28
176.29515075683594,170.1423110961914,158.11905242919923,140.63860855102538,62348900,2.424431961255016,1.4977815908272145,2021-12-29
175.1354217529297,170.80226135253906,158.70198791503907,140.9040591430664,59773000,2.40848322953214,1.4879286779992544,2021-12-30
174.51629638671875,171.48088760375975,159.26272674560548,141.18710388183592,64062300,2.3999689435780365,1.4826686661841595,2021-12-31
178.87991333007812,172.47204360961913,159.90641998291017,141.494607963562,104487900,2.4599779247595235,1.519741410948422,2022-01-03
176.60964965820312,173.1786796569824,160.52021392822266,141.77413066864014,99310400,2.428756987694943,1.500453534228839,2022-01-04
171.91188049316406,173.36246566772462,161.0410336303711,142.03432205200195,94537600,2.364152705266163,1.4605418739072438,2022-01-05
169.04205322265625,173.21111450195312,161.49110961914062,142.29214767456054,96904000,2.3246864980107116,1.4361601797076724,2022-01-06
169.20913696289062,173.09366912841796,161.95375305175781,142.54836318969726,86709100,2.3269842535547025,1.4375797023047219,2022-01-07
169.2288055419922,172.7369125366211,162.34377532958985,142.8016445159912,106765600,2.3272547382027575,1.4377468040971966,2022-01-10
172.06907653808594,172.7044792175293,162.844970703125,143.0682468032837,76138300,2.3663144840437154,1.4618773918793722,2022-01-11
172.51136779785156,172.76344833374023,163.37149963378906,143.34434833526612,74805200,2.37239692625359,1.465635043203398,2022-01-12
169.2288055419922,172.41406173706054,163.811572265625,143.59303184509278,84505800,2.327254738202758,1.4377468040971968,2022-01-13
170.0937042236328,172.4538673400879,164.24009033203126,143.8418823623657,80440800,2.3391489281337625,1.4450948753160067,2022-01-14
166.87986755371094,172.38801803588868,164.61473419189454,144.06047916412354,90956700,2.2949518625459566,1.4177905202077152,2022-01-18
163.37130737304688,172.21504440307618,164.9085922241211,144.26001689910888,94815000,2.2467017240511016,1.3879822309476417,2022-01-19
161.68084716796875,171.79833526611327,165.18515258789063,144.442836227417,91420500,2.2234543134852034,1.3736202920949712,2022-01-20
159.61700439453125,171.14821243286133,165.41316314697266,144.60330390930176,122848900,2.1950721012607244,1.356086141557387,2022-01-21
158.84054565429688,170.42781753540038,165.68245025634766,144.74697654724122,162294600,2.184394147962868,1.349489445039262,2022-01-24
157.0321807861328,169.41798629760743,165.91655364990234,144.89021591186523,115798400,2.159525298393461,1.3341258028891119,2022-01-25
156.94374084472656,168.45483779907227,166.107216796875,145.01741012573243,108275300,2.158309061760313,1.333374428188427,2022-01-26
156.4818572998047,167.46417312622071,166.28844604492187,145.15403373718263,121954600,2.1519571841058283,1.329450323255761,2022-01-27
167.4008026123047,167.07744216918945,166.66839782714842,145.33317100524903,179935700,2.3021158236666737,1.422216319428106,2022-01-28
171.77426147460938,166.940340423584,167.08687561035157,145.53583839416504,115541600,2.362260152092533,1.4593726799069895,2022-01-31
171.60716247558594,166.5767028808594,167.41591796875,145.73434448242188,86213900,2.359962186707853,1.457953027673173,2022-02-01
172.81600952148438,166.38702087402345,167.71645904541015,145.9473564147949,84914300,2.376586395608456,1.4682232412536353,2022-02-02
169.9265899658203,166.28775634765626,167.9499725341797,146.144013671875,89418100,2.336850752908394,1.4436750934454237,2022-02-03
169.64122009277344,166.3177146911621,168.1701138305664,146.34687461853028,82465400,2.3329263123436705,1.4412506266317229,2022-02-04
168.92286682128906,166.30340118408202,168.36546997070312,146.53450271606445,77251200,2.3230474323893318,1.4351475869217774,2022-02-07
172.04232788085938,166.4440773010254,168.72405059814454,146.735771484375,74829200,2.365946633315988,1.4616501386270775,2022-02-08
173.46917724609375,166.5140823364258,169.04374755859374,146.94578842163085,71285000,2.3855688361396044,1.4737724726955808,2022-02-09
169.3755340576172,166.35729064941407,169.1821127319336,147.13929916381835,90865900,2.329272566267691,1.4389933912472632,2022-02-10
165.95103454589844,166.1934020996094,169.26240509033204,147.3161766052246,98670700,2.282178440128256,1.4098992709357874,2022-02-11
166.18716430664062,165.99807510375976,169.36727294921874,147.50411476135253,86185500,2.285425724789741,1.4119053999028506,2022-02-14
170.0348358154297,166.15582351684571,169.58683380126953,147.70600883483885,62527400,2.338339362755798,1.4445947366694842,2022-02-15
169.79867553710938,166.47719192504883,169.73326873779297,147.9296619415283,61177400,2.335091658412935,1.4425883484288873,2022-02-16
166.18716430664062,166.70250778198243,169.69228881835937,148.134034576416,69589300,2.285425724789742,1.4119053999028508,2022-02-17
164.6323699951172,166.95327606201172,169.5435546875,148.3226117706299,82772700,2.264044007789289,1.3986960615442778,2022-02-18
161.69989013671875,167.09624328613282,169.3463916015625,148.49314571380614,91162800,2.2237161946650126,1.3737820787800044,2022-02-22
157.51766967773438,167.1205177307129,168.9694662475586,148.6592310333252,90009200,2.1662017995937504,1.3382504559001003,2022-02-23
160.14511108398438,167.28058624267578,168.71801361083985,148.84305908203126,141147500,2.202334687505248,1.3605728700581983,2022-02-24
162.22145080566406,167.56756591796875,168.53580291748048,149.0526533126831,91974200,2.230888759253976,1.3782131931078356,2022-02-25
162.48712158203125,167.32188186645507,168.2612145996094,149.25279697418213,95056600,2.234542295489266,1.380470298855528,2022-02-28
160.59774780273438,166.76305618286133,168.08721771240235,149.43134300231932,83474400,2.2085594017022294,1.3644184151101506,2022-03-01
163.90419006347656,166.37790756225587,168.00136444091797,149.63220264434815,79724800,2.2540299904312664,1.3925095357564783,2022-03-02
163.5794219970703,165.91607818603515,167.93633728027345,149.83839576721192,76678400,2.249563741207677,1.389750346810761,2022-03-03
160.56820678710938,165.44815902709962,167.7474008178711,150.030316696167,83737200,2.2081531501284246,1.364167438329522,2022-03-04
156.7599639892578,164.80409622192383,167.43021087646486,150.19035972595213,96418800,2.1557817405026123,1.3318130829684387,2022-03-07
154.9296112060547,164.10443344116212,167.06383422851562,150.35046215057372,131148300,2.13061051050043,1.316262634237252,2022-03-08
160.35174560546875,163.51990432739257,166.72629302978515,150.5294930267334,91454900,2.2051763501149946,1.3623284111549332,2022-03-09
155.99237060546875,162.64606399536132,166.32200622558594,150.68770683288574,105342000,2.145225704645035,1.3252917054118558,2022-03-10
152.2628173828125,161.7904281616211,165.84135955810547,150.82751789093018,96970100,2.0939364434521326,1.293605886857438,2022-03-11
148.2183380126953,160.90379333496094,165.30301788330078,150.95479877471925,108732100,2.0383162802800125,1.2592444950719235,2022-03-14
152.61705017089844,160.22528762817382,164.8650329589844,151.10735588073732,92964300,2.0988078950460825,1.29661540439995,2022-03-15
157.04531860351562,159.57581176757813,164.42834106445312,151.28367122650147,102300200,2.1597059712266464,1.3342374201453724,2022-03-16
158.05889892578125,158.98882293701172,164.0573260498047,151.46123287200928,75615400,2.1736448488307696,1.3428486720204063,2022-03-17
161.3653106689453,158.74773025512695,163.84639465332032,151.6627737045288,123511700,2.219115017878429,1.3709395333932,2022-03-18
162.74298095703125,158.65326080322265,163.7204132080078,151.85968914031983,95811400,2.238060904161563,1.3826440481621336,2022-03-21
166.1281280517578,158.87467269897462,163.65879302978516,152.0734812927246,81532000,2.2846138511641985,1.4114038352518932,2022-03-22
167.4959716796875,159.37358779907225,163.62413635253907,152.2899970626831,98062700,2.3034246000436496,1.423024863942973,2022-03-23
171.29443359375,159.93105392456056,163.60864349365235,152.52359439849855,90131400,2.3556615017878455,1.455296122136503,2022-03-24
171.93406677246094,160.41668472290038,163.59709747314454,152.76538734436036,80546200,2.3644578136278964,1.4607303657662496,2022-03-25
172.80003356933594,160.9323303222656,163.6685220336914,153.0054347229004,90371900,2.376366692407127,1.4680875115587393,2022-03-28
176.10646057128906,161.70776596069337,163.78877716064454,153.24667877197265,100589400,2.421837071295475,1.4961785025682997,2022-03-29
174.93544006347656,162.25932846069335,163.94988861083985,153.48618339538575,92633200,2.4057330574627764,1.4862296585328678,2022-03-30
171.8258056640625,162.67164764404296,164.11897857666017,153.70764102935792,103049300,2.362968993939803,1.4598105929054213,2022-03-31
171.5305938720703,163.21976699829102,164.3159735107422,153.9195875930786,78751300,2.3589092061307073,1.4573025103770998,2022-04-01
175.59474182128906,164.16150588989257,164.63552825927735,154.1583709716797,76468400,2.4147998539508824,1.4918310039550888,2022-04-04
172.2686309814453,165.0284568786621,164.9040899658203,154.3715086364746,73401800,2.3690587805737904,1.463572781516287,2022-04-05
169.09014892578125,165.46537704467772,165.1452493286133,154.56052291870117,89058800,2.325347915862279,1.4365687947967958,2022-04-06
169.3951873779297,166.1355178833008,165.39427825927734,154.7524341583252,77594700,2.3295428410750576,1.439160363402971,2022-04-07
167.37786865234375,166.89127044677736,165.6121984863281,154.9356797027588,76575500,2.301800433111184,1.4220214753675242,2022-04-08
163.1071014404297,167.63570861816407,165.5263244628906,155.0990412902832,72246700,2.2430683325219514,1.3857375703295671,2022-04-11
164.9866485595703,168.25418853759766,165.39057220458983,155.2636183166504,79265200,2.2689160889053053,1.4017059679970905,2022-04-12
167.68292236328125,168.78606872558595,165.31208740234376,155.4340827178955,70618900,2.3059955681646516,1.4246131736104661,2022-04-13
162.6544189453125,169.0158447265625,165.10885559082033,155.57631774902345,75329400,2.236842988802903,1.3818916363673137,2022-04-14
162.4379425048828,169.06947631835936,164.95908264160155,155.71595153808593,69023900,2.233865978948784,1.3800524795559581,2022-04-18
164.7307891845703,169.16886672973632,164.8608740234375,155.85386978149415,67723800,2.265397480233009,1.399532218690485,2022-04-19
164.56349182128906,169.09063491821288,164.7736865234375,155.9808586883545,67929800,2.2630967869193728,1.3981108811786995,2022-04-20
163.76641845703125,168.90415725708007,164.60816833496094,156.09136848449708,87227800,2.2521353388507466,1.391339045388555,2022-04-21
159.21022033691406,168.2999465942383,164.32298919677734,156.18561347961426,84882400,2.189477958334035,1.3526301549898299,2022-04-22
160.2828369140625,167.71738510131837,164.14113525390624,156.2760595703125,96046400,2.2042287095637016,1.3617429715158214,2022-04-25
154.2998046875,166.79237365722656,163.90811065673827,156.33957916259766,95623200,2.1219493360640627,1.3109118766853596,2022-04-26
154.073486328125,165.69072494506835,163.66583709716798,156.39638175964356,88063200,2.1188369789655717,1.3089891041593833,2022-04-27
161.03073120117188,164.99548950195313,163.4857550048828,156.47077346801757,130216800,2.2145138410918452,1.3680969880063958,2022-04-28
155.13623046875,164.1610107421875,163.19250610351563,156.5189752960205,131747600,2.1334519632694877,1.3180180456972201,2022-04-29
155.44129943847656,163.3565460205078,162.97758880615234,156.57894233703612,123055300,2.1376473081636442,1.3206098735769292,2022-05-02
156.93707275390625,162.42366256713868,162.82368286132814,156.66569244384766,88966500,2.158217361379243,1.3333177769213114,2022-05-03
163.372802734375,161.97887115478517,162.85714111328124,156.76649284362793,108256500,2.2467222884386193,1.387994935350793,2022-05-04
154.27027893066406,161.2378776550293,162.79219329833984,156.82545524597168,130525300,2.121543294330946,1.310661029541497,2022-05-05
154.99952697753906,160.51809463500976,162.68928161621093,156.88120452880858,116124600,2.131572000537194,1.3168566299029765,2022-05-06
149.855224609375,159.64196243286133,162.44195709228515,156.90260932922362,131577900,2.060826940187012,1.2731512792361703,2022-05-09
152.26968383789062,159.10009155273437,162.23760833740235,156.93397941589356,115366700,2.09403087176216,1.2936642234025222,2022-05-10
144.37583923339844,158.06955108642578,161.91317016601562,156.9367574310303,142689800,1.9854737783075107,1.2265991051692535,2022-05-11
140.4929656982422,156.71005325317384,161.44494567871095,156.92889114379884,182602000,1.9320760378720492,1.1936106963814883,2022-05-12
144.9770050048828,155.82618255615233,161.0728973388672,156.9402113342285,113990900,1.993741081770721,1.2317065345097615,2022-05-13
143.4298095703125,154.87577590942382,160.73012939453125,156.9427177429199,86643800,1.9724638654333644,1.2185617552610817,2022-05-16
147.07614135742188,153.9930435180664,160.53645294189454,156.96512145996093,78336300,2.0226086555087393,1.2495405348890787,2022-05-17
138.7782440185547,152.7037811279297,160.21342559814454,156.9370204925537,109742900,1.9084949806107219,1.1790426350695202,2022-05-18
135.3585205078125,151.28338623046875,159.7135610961914,156.89382987976074,136095600,1.861466534606928,1.1499890910660697,2022-05-19
135.59503173828125,150.1026268005371,159.30561431884766,156.85128311157226,137426100,1.8647190652856367,1.1519984609523044,2022-05-20
141.03500366210938,149.14023513793944,159.0810580444336,156.83937072753906,117726300,1.9395302086655826,1.1982157832504374,2022-05-23
138.32485961914062,148.34148788452148,158.8831884765625,156.81415290832518,104132700,1.9022599842199817,1.1751907378159916,2022-05-24
138.48257446289062,147.56194229125975,158.60049896240236,156.79212799072266,92482700,1.9044288975809582,1.1765306634381931,2022-05-25
141.69529724121094,146.5951705932617,158.29349853515626,156.78489105224608,90601500,1.9486106447984706,1.203825555062504,2022-05-26
147.47030639648438,146.21187438964844,158.0817266845703,156.79166145324706,90978500,2.0280292601856686,1.2528893118504474,2022-05-27
146.68194580078125,145.77390670776367,157.78805938720703,156.79345954895018,103718400,2.017187631150432,1.2461914986541764,2022-05-31
146.55380249023438,145.25474319458007,157.46427581787108,156.78470504760742,74286600,2.0154253890446387,1.2451028090861378,2022-06-01
149.01756286621094,144.53698120117187,157.12206451416014,156.79283279418945,72348100,2.049307315885781,1.2660346096461945,2022-06-02
143.27210998535156,143.98707275390626,156.63758728027344,156.79102661132814,88570300,1.9702951619130769,1.2172219592756472,2022-06-03
144.0210723876953,143.43815002441406,156.09212005615234,156.7912967681885,71598400,1.9805949822894473,1.2172219592756472,2022-06-06
146.55380249023438,143.27307891845703,155.5845147705078,156.7969194793701,67808200,2.0154253890446387,1.2172219592756472,2022-06-07
145.814697265625,142.95032958984376,155.04480804443358,156.79138816833495,53950200,2.0052611257533295,1.2172219592756472,2022-06-08
140.57183837890625,142.76012954711913,154.33411560058593,156.76008415222168,69473000,1.933160704393226,1.2172219592756472,2022-06-09
135.1417236328125,142.49256744384766,153.53824127197265,156.70781227111817,91437900,1.858485118098341,1.2172219592756472,2022-06-10
129.9678192138672,141.7421081542969,152.70108154296875,156.63369445800782,122207100,1.7873329668115978,1.2172219592756472,2022-06-13
130.83506774902344,141.11237106323242,151.88717102050782,156.55871154785157,84784300,1.7992594722087003,1.2172219592756472,2022-06-14
133.4663848876953,140.4318832397461,151.04460388183594,156.47470626831054,91533000,1.8354456596551911,1.2172219592756472,2022-06-15
128.17420959472656,139.90168151855468,150.16271545410157,156.37056999206544,108123900,1.7626670331884047,1.2172219592756472,2022-06-16
129.6524658203125,139.6163787841797,149.3739617919922,156.27048828125,134520300,1.78299618929309,1.2172219592756472,2022-06-17
133.8999786376953,139.5316261291504,148.6640576171875,156.18605041503906,81000500,1.8414084926723644,1.2172219592756472,2022-06-21
133.38751220703125,139.14925155639648,147.98425048828125,156.09586067199706,73409200,1.834360993134014,1.2172219592756472,2022-06-22
136.2651824951172,139.0462677001953,147.447412109375,156.0083317565918,72433800,1.8739350585035854,1.2172219592756472,2022-06-23
139.6060028076172,139.10243911743163,146.93979919433593,155.94526000976563,89116800,1.9198784183048243,1.2172219592756472,2022-06-24
139.6060028076172,138.99797439575195,146.37826080322264,155.88729133605958,70207900,1.9198784183048243,1.2172219592756472,2022-06-27
135.44720458984375,138.3968193054199,145.83411651611328,155.83355369567872,67083400,1.862686128691099,1.2172219592756472,2022-06-28
137.21127319335938,137.92328567504882,145.32958312988282,155.78579010009764,66242400,1.8869458107404873,1.2172219592756472,2022-06-29
134.73765563964844,137.33247833251954,144.7297204589844,155.73267555236816,98964500,1.8529283268142842,1.2172219592756472,2022-06-30
136.91558837890625,136.7273796081543,144.17676239013673,155.68598541259766,71051600,1.8828795178700346,1.2172219592756472,2022-07-01
139.50747680664062,136.53914794921874,143.6915835571289,155.65343238830567,73353800,1.9185234769762811,1.2172219592756472,2022-07-05
140.84776306152344,136.38048248291017,143.3243344116211,155.6409762573242,74064300,1.9369552535714902,1.2172219592756472,2022-07-06
144.22802734375,136.26419372558593,143.00323822021485,155.66073097229003,66253700,1.983441051553662,1.2172219592756472,2022-07-07
144.90802001953125,136.21885986328124,142.81540252685548,155.68148139953612,64547800,1.992792392015983,1.2172219592756472,2022-07-08
142.76947021484375,136.32874145507813,142.58932220458985,155.67966438293456,63141600,1.9633827997784097,1.2172219592756472,2022-07-11
143.74510192871094,136.75891036987304,142.2436096191406,155.67791671752929,77588800,1.9767998035891168,1.2172219592756472,2022-07-12
143.38050842285156,137.42954483032227,142.00849517822266,155.6739045715332,71185600,1.9717858701673705,1.2172219592756472,2022-07-13
146.31727600097656,138.20365524291992,141.82601470947264,155.692181930542,78140700,2.0121726485252416,1.2172219592756472,2022-07-14
147.99266052246094,138.9299690246582,141.64712646484375,155.73581382751465,76259900,2.0352127364904584,1.2172219592756472,2022-07-15
144.93756103515625,139.76813659667968,141.27842163085938,155.7596558380127,81420900,1.9931986435897884,1.2172219592756472,2022-07-18
148.81060791015625,140.72604370117188,141.1692282104492,155.80938926696777,82982400,2.0464612466215666,1.2172219592756472,2022-07-19
150.82102966308594,141.5720962524414,141.08565826416014,155.86353210449218,64823400,2.074108806594036,1.2172219592756472,2022-07-20
153.0975341796875,142.5575973510742,141.15050445556642,155.94628036499023,65086600,2.105415568500397,1.2172219592756472,2022-07-21
151.8557891845703,143.33712768554688,141.1422265625,156.0131534576416,66675400,2.08833894307442,1.2172219592756472,2022-07-22
150.73233032226562,143.8934440612793,141.26935638427733,156.0700421142578,53623900,2.072889002669176,1.2172219592756472,2022-07-25
149.40191650390625,144.38323974609375,141.44753540039062,156.11394897460937,55138700,2.054592992999717,1.2172219592756472,2022-07-26
154.51663208007812,145.33671112060546,141.63832794189454,156.18534301757813,78620700,2.124931172254027,1.2172219592756472,2022-07-27
155.06851196289062,146.22957305908204,141.87110198974608,156.25993804931642,81378700,2.1325206902919325,1.2172219592756472,2022-07-28
160.15371704101562,147.5003761291504,142.13265350341797,156.36633796691893,101786900,2.2024530376538154,1.2172219592756472,2022-07-29
159.168212890625,148.61300735473634,142.54045288085936,156.47075454711913,67829400,2.1889002669173587,1.2172219592756472,2022-08-01
157.68992614746094,149.52212982177736,142.98708099365234,156.55379516601562,59907000,2.1685706911312956,1.2172219592756472,2022-08-02
163.72125244140625,150.6658042907715,143.54960540771484,156.66169303894043,82507500,2.2515142104114583,1.2172219592756472,2022-08-03
163.4058837890625,151.62469711303712,143.9970230102539,156.75962326049805,55474100,2.2471772230522613,1.2172219592756472,2022-08-04
163.17889404296875,152.538240814209,144.49410369873047,156.8455744934082,56697000,2.2440556329634567,1.2172219592756472,2022-08-05
162.70516967773438,153.5350257873535,144.97855560302733,156.9267035675049,60276900,2.2375409189343474,1.2172219592756472,2022-08-08
162.75453186035156,154.48549728393556,145.39974029541017,157.00699996948242,63135500,2.238219753563097,1.2172219592756472,2022-08-09
167.01780700683594,155.66736221313477,145.79069030761718,157.11248924255372,70170500,2.296848822374056,1.2172219592756472,2022-08-10
166.2776641845703,156.66538162231444,146.18260467529296,157.21452308654784,57149200,2.2866702899158984,1.2172219592756472,2022-08-11
169.84027099609375,157.75776214599608,146.64833404541017,157.33103317260742,68039400,2.3356636841310103,1.2172219592756472,2022-08-12
170.9159393310547,159.05668106079102,147.08630157470702,157.45522804260253,54091700,2.3504564034984665,1.2172219592756472,2022-08-15
170.758056640625,160.15405349731446,147.6360205078125,157.5603798675537,56377100,2.3482851818899118,1.2172219592756472,2022-08-16
172.25808715820312,161.2259063720703,148.20076080322266,157.68662376403807,79542000,2.368913780657727,1.2172219592756472,2022-08-17
171.8633270263672,162.1641960144043,148.7069512939453,157.81501579284668,62290100,2.3634849921939285,1.2172219592756472,2022-08-18
169.2678680419922,163.0347999572754,149.17601470947267,157.92522926330565,70346300,2.327791930366468,1.2172219592756472,2022-08-19
165.36973571777344,163.76667022705078,149.67197265625,158.00873893737793,69026800,2.2741843492420575,1.2172219592756472,2022-08-22
165.03421020507812,164.54828491210938,150.2698223876953,158.0931716156006,54147100,2.269570162332759,1.2172219592756472,2022-08-23
165.3302459716797,165.08896560668944,150.97707092285157,158.1764308166504,53841500,2.2736412815390574,1.2172219592756472,2022-08-24
167.7974395751953,165.72541198730468,151.716318359375,158.2761538696289,51218200,2.307570422535213,1.2172219592756472,2022-08-25
161.47157287597656,165.79130477905272,152.27642211914062,158.34242935180663,78961000,2.220576348436269,1.2172219592756472,2022-08-26
159.26101684570312,165.79594497680665,152.89815826416014,158.41185348510743,73314000,2.190176517987546,1.2172219592756472,2022-08-29
156.82345581054688,165.75262145996095,153.44157806396484,158.46933570861816,77906200,2.156654887609329,1.2172219592756472,2022-08-30
155.15562438964844,165.32434005737304,153.86669097900392,158.50806091308593,87991100,2.133718670785142,1.2172219592756472,2022-08-31
155.88595581054688,164.94834365844727,154.3166598510742,158.55038871765137,74229900,2.143762275680306,1.2172219592756472,2022-09-01
153.76412963867188,164.47760543823242,154.6666387939453,158.57719329833984,76957800,2.1145826688378206,1.2172219592756472,2022-09-02
152.5009307861328,163.96739349365234,154.92453735351563,158.58544609069824,73714800,2.097211007403182,1.2172219592756472,2022-09-06
153.91220092773438,163.5252769470215,155.21066131591797,158.57923187255858,87449600,2.116618962883381,1.2172219592756472,2022-09-07
152.43186950683594,162.79598007202148,155.5503546142578,158.5524464416504,84923800,2.0962612684449984,1.2172219592756472,2022-09-08
155.30364990234375,162.24727935791014,155.9122021484375,158.53771011352538,68028800,2.1357543353086355,1.2172219592756472,2022-09-09
161.28407287597656,161.8194694519043,156.44313049316406,158.5509597015381,104956000,2.217997826050464,1.2172219592756472,2022-09-12
151.82000732421875,160.8646728515625,156.7412188720703,158.5142844390869,122656600,2.087846866658834,1.2172219592756472,2022-09-13
153.27069091796875,159.99030456542968,157.01648315429688,158.5100714111328,87965400,2.1077968406385885,1.2172219592756472,2022-09-14
150.36932373046875,158.89586639404297,157.20691436767578,158.474496383667,90481100,2.0678968926790793,1.2172219592756472,2022-09-15
148.72125244140625,157.73876266479493,157.2967788696289,158.4058162689209,162278800,2.045232419547081,1.2172219592756472,2022-09-16
152.45159912109375,156.89794921875,157.44765045166017,158.35839218139648,81474200,2.0965325924558087,1.2172219592756472,2022-09-19
154.83984375,156.37145462036133,157.68905792236328,158.32787254333496,107689800,2.129376017727343,1.2172219592756472,2022-09-20
151.70159912109375,155.7048240661621,157.84818786621094,158.29109657287597,101696800,2.08621850291259,1.2172219592756472,2022-09-21
150.73446655273438,154.97503509521485,157.9952670288086,158.23238426208496,86652500,2.0729183803656275,1.2172219592756472,2022-09-22
148.45480346679688,154.0079032897949,158.038017578125,158.13347747802734,96029900,2.0415681814366544,1.2172219592756472,2022-09-23
148.7903289794922,153.37384109497071,158.0539709472656,158.01708374023437,93339400,2.046182368345953,1.2172219592756472,2022-09-26
149.76731872558594,152.89915618896484,158.15056610107422,157.90813011169433,84442700,2.059618047977976,1.2252145040941775,2022-09-27
147.8725128173828,152.45160903930665,158.13180419921875,157.7656729888916,146691400,2.0335604509056733,1.209713500931882,2022-09-28
140.60916137695312,151.7242858886719,157.9275668334961,157.60513008117675,128138200,1.9336739747183946,1.150293571344617,2022-09-29
136.3853759765625,150.74925689697267,157.5933236694336,157.4303970336914,124925300,1.8755879736104357,1.1157396834952797,2022-09-30
140.57955932617188,150.09002838134765,157.36779907226563,157.25221214294433,114311700,1.9332668837818336,1.1500514032783342,2022-10-03
144.18165588378906,149.67406463623047,157.2367855834961,157.12663246154784,87830100,1.9828033456999454,1.1795193872490344,2022-10-04
144.4777374267578,149.20234146118165,157.13830200195312,157.00803688049317,79471000,1.9868750944283107,1.1819415672274618,2022-10-05
143.52041625976562,148.75676879882812,156.9183776855469,156.8914850616455,68402200,1.9737098994443425,1.1741099268612194,2022-10-06
138.2505645751953,147.90411453247071,156.58201873779296,156.73266273498535,85925600,1.9012382699054884,1.1309983937623922,2022-10-07
138.5762176513672,146.76872177124022,156.15046875,156.56244651794432,74899000,1.9057166898890368,1.1309983937623922,2022-10-10
137.15512084960938,146.03547744750978,155.71020690917967,156.3819799041748,77033700,1.8861735970051543,1.1309983937623922,2022-10-11
136.5235595703125,145.19812088012696,155.2868795776367,156.17845367431642,70433700,1.8774882908895572,1.1309983937623922,2022-10-12
141.11248779296875,144.73527908325195,154.83470428466796,156.0029825592041,113224000,1.9405957796840643,1.1309983937623922,2022-10-13
136.5630340576172,144.1273681640625,154.29784729003907,155.804321975708,88598000,1.8780311487518682,1.1309983937623922,2022-10-14
140.54010009765625,143.53179321289062,153.8450714111328,155.63134536743163,85250900,1.9327242357602115,1.1309983937623922,2022-10-17
141.8625030517578,142.8829261779785,153.42821807861327,155.46807640075684,99136600,1.9509100790679723,1.1309983937623922,2022-10-18
141.9710693359375,142.3963996887207,153.012548828125,155.28353218078612,61758300,1.9524030955698441,1.1309983937623922,2022-10-19
141.5072021484375,141.93503646850587,152.50233673095704,155.1080199432373,64522000,1.9460239386257963,1.1309983937623922,2022-10-20
145.3363037109375,141.77911148071288,152.0835095214844,154.97514205932617,86548600,1.9986822004734017,1.1309983937623922,2022-10-21
147.48765563964844,141.7139778137207,151.63645721435546,154.86737007141113,75981900,2.028267849049003,1.1309983937623922,2022-10-24
150.33973693847656,141.74259872436522,151.22493316650392,154.77302307128906,74732300,2.067490011583207,1.1309983937623922,2022-10-25
147.38897705078125,141.71842193603516,150.75755157470704,154.663823928833,88194300,2.02691080931357,1.1309983937623922,2022-10-26
142.8987274169922,141.8329002380371,150.1703643798828,154.51797218322753,109180200,1.9651603602544956,1.1309983937623922,2022-10-27
153.69508361816406,142.6983856201172,149.80699951171874,154.4238907623291,164762400,2.113633139720325,1.1309983937623922,2022-10-28
151.3265838623047,143.23573684692383,149.448173828125,154.33437965393065,97943200,2.0810612483002915,1.1309983937623922,2022-10-31
148.67189025878906,143.46024856567382,149.11421691894532,154.22727058410644,80379300,2.044553584918331,1.1309983937623922,2022-11-01
143.12570190429688,143.39264678955078,148.6760467529297,154.10849975585938,93604600,1.9682817405026114,1.1309983937623922,2022-11-02
137.05645751953125,143.06944885253907,148.11057098388673,153.97692550659178,97918500,1.8848167671104108,1.1309983937623922,2022-11-03
136.78956604003906,142.99639892578125,147.4904135131836,153.85246910095213,140814800,1.8811464436200047,1.1309983937623922,2022-11-04
137.32333374023438,142.93375473022462,147.00744873046875,153.74100074768066,83374600,1.8884868807601278,1.1309983937623922,2022-11-07
137.89666748046875,142.97083206176757,146.58016174316407,153.63628135681154,89908500,1.8963714348066956,1.1309983937623922,2022-11-08
133.3199005126953,142.8106491088867,146.11009063720704,153.51771995544433,74917800,1.8334311890412807,1.1309983937623922,2022-11-09
145.18199157714844,143.0141242980957,145.91061798095703,153.45891120910645,118854000,1.9965600815860607,1.1309983937623922,2022-11-10
147.9794464111328,143.58494491577147,145.75248779296874,153.41639915466308,93979700,2.0350310144538275,1.1309983937623922,2022-11-11
146.57574462890625,143.886727142334,145.60872009277344,153.3122738647461,73374100,2.015727139955347,1.1309983937623922,2022-11-14
148.31553649902344,144.20937881469726,145.52501220703124,153.19498023986816,89868300,2.039652965468617,1.1309983937623922,2022-11-15
147.07989501953125,144.46482009887694,145.3883660888672,153.0723439025879,64218300,2.0226602763182195,1.1309983937623922,2022-11-16
148.98773193359375,144.83884658813477,145.31948333740235,152.95320251464844,80389400,2.048897077338885,1.1309983937623922,2022-11-17
149.55116271972656,145.04958953857422,145.20443359375,152.85132537841798,74829600,2.056645444778325,1.1309983937623922,2022-11-18
146.3088836669922,144.99065093994142,144.90492980957032,152.73466369628906,58724100,2.0120572361463185,1.1309983937623922,2022-11-21
148.45391845703125,144.89636001586913,144.83760803222657,152.63231895446776,51804100,2.041556010676695,1.1309983937623922,2022-11-22
149.33372497558594,144.99359741210938,144.75886871337892,152.5187759399414,58301400,2.0536552149608025,1.1309983937623922,2022-11-23
146.40771484375,145.16904678344727,144.67963653564453,152.3834686279297,35195900,2.013416374288641,1.1309983937623922,2022-11-25
142.56243896484375,144.61241455078124,144.55646026611328,152.24940315246582,69246000,1.9605356813107495,1.1309983937623922,2022-11-28
139.54745483398438,144.02345809936523,144.2983773803711,152.11738525390626,83763800,1.9190732595813265,1.1309983937623922,2022-11-29
146.32862854003906,143.90629501342772,144.12815307617188,152.01809257507324,111380900,2.0123287699978185,1.1309983937623922,2022-11-30
146.60540771484375,144.08028030395508,144.0262292480469,151.9009454345703,71250400,2.0161350702546637,1.1309983937623922,2022-12-01
146.1111602783203,144.53301544189452,143.9337631225586,151.78250785827638,65447400,2.0093381204989185,1.1309983937623922,2022-12-02
144.94473266601562,144.94077377319337,143.86356170654298,151.67629570007324,68826400,1.993297268713594,1.1309983937623922,2022-12-05
141.26747131347656,145.13798065185546,143.71310455322265,151.55947120666505,64727200,1.9427271315617196,1.1309983937623922,2022-12-06
139.3201446533203,145.20915451049805,143.50416107177733,151.44757247924804,69721100,1.9159472628380545,1.1309983937623922,2022-12-07
141.01046752929688,145.59368286132812,143.36692016601563,151.36503646850585,62128300,1.9391927848377526,1.1309983937623922,2022-12-08
140.52610778808594,145.360888671875,143.36525909423827,151.26694145202637,76097000,1.9325318118484462,1.1309983937623922,2022-12-09
142.82933044433594,145.10338287353517,143.49413818359375,151.16998085021973,70462700,1.9642060048011565,1.1309983937623922,2022-12-12
143.79806518554688,144.9644989013672,143.55850830078126,151.07653556823732,93886200,1.9775281606204584,1.1309983937623922,2022-12-13
141.56405639648438,144.62692489624024,143.50615631103517,150.98136711120605,82291200,1.9468058050328205,1.1309983937623922,2022-12-14
134.93116760253906,144.0194885253906,143.31522491455078,150.83650199890135,98931900,1.8555895264315345,1.1309983937623922,2022-12-15
132.96401977539062,143.21830291748046,143.10409698486328,150.68342498779296,160156900,1.8285370746529248,1.1309983937623922,2022-12-16
130.84861755371094,142.28317565917968,142.9560580444336,150.534827041626,79592600,1.7994458107404872,1.1309983937623922,2022-12-19
130.77943420410156,141.50670318603517,142.8001223754883,150.4049243927002,77432800,1.7984943930567927,1.1309983937623922,2022-12-20
133.89320373535156,140.77866744995117,142.73488403320312,150.29974235534667,85928000,1.8413153234064712,1.1309983937623922,2022-12-21
130.71023559570312,139.84749298095704,142.61861755371095,150.15153480529784,77852100,1.7975427655324092,1.1309983937623922,2022-12-22
130.34446716308594,139.04433059692383,142.40325714111327,150.02329528808593,63814900,1.7925126743776139,1.1309983937623922,2022-12-23
128.53553771972656,138.34298553466797,142.24270721435548,149.9046588897705,69007800,1.7676360607027157,1.1309983937623922,2022-12-27
124.59137725830078,137.59518165588378,141.92373275756836,149.78652408599854,85438400,1.7133954951400907,1.1309983937623922,2022-12-28
128.12034606933594,136.68476753234864,141.64888961791993,149.66404056549072,75703700,1.7619262955564146,1.1309983937623922,2022-12-29
128.43666076660156,135.7763301849365,141.3782014465332,149.52099727630616,77034200,1.7662762930383262,1.1309983937623922,2022-12-30
123.63253021240234,134.65239868164062,141.0207080078125,149.34886543273925,112117500,1.7002093160872276,1.1309983937623922,2023-01-03
124.90770721435547,133.65054740905762,140.61213607788085,149.16657741546632,89113600,1.7177457024626912,1.1309983937623922,2023-01-04
123.58309173583984,132.76632843017578,140.13404479980468,148.97077796936034,80962700,1.699529432255033,1.1309983937623922,2023-01-05
128.13021850585938,132.20683212280272,139.68985443115236,148.78078842163086,87754700,1.7620620624821643,1.1309983937623922,2023-01-06
128.65411376953125,131.58901443481446,139.31515716552735,148.5865791320801,70790800,1.7692667326965377,1.1309983937623922,2023-01-09
129.22750854492188,131.02408447265626,139.04173278808594,148.37624450683595,63896200,1.7771521261058614,1.1309983937623922,2023-01-10
131.95578002929688,130.48040695190429,138.60694671630858,148.1763530731201,69458900,1.8146716412899337,1.1309983937623922,2023-01-11
131.87669372558594,129.88433837890625,138.21794891357422,147.97173637390136,71379600,1.8135840369991112,1.1309983937623922,2023-01-12
133.2111358642578,129.46669235229493,137.90873382568358,147.75725975036622,57809700,1.8319354446104525,1.1309983937623922,2023-01-13
134.37759399414062,129.439013671875,137.73377166748048,147.55447052001952,63646600,1.847976716077155,1.1309983937623922,2023-01-17
133.65599060058594,129.47361221313477,137.66576232910157,147.36362144470215,69672800,1.8380531400560702,1.1309983937623922,2023-01-18
133.7152862548828,129.61694564819337,137.60427673339845,147.1745449066162,58280400,1.8388685809733258,1.1309983937623922,2023-01-19
136.28541564941406,129.892244720459,137.58351837158204,146.97799827575685,80223600,1.8742133072571312,1.1309983937623922,2023-01-20
139.48817443847656,130.17199325561523,137.6153485107422,146.814095993042,81760300,1.91825802850476,1.1309983937623922,2023-01-23
140.89186096191406,130.6810745239258,137.76678771972655,146.67310455322266,66435100,1.9375616931625517,1.1309983937623922,2023-01-24
140.22952270507812,131.1753273010254,137.66773834228516,146.5272762298584,65799300,1.9284531383773444,1.1309983937623922,2023-01-25
142.30545043945312,131.86382293701172,137.55425842285158,146.40191413879396,54105100,1.9570015444274713,1.1309983937623922,2023-01-26
144.25274658203125,132.84689140319824,137.50779846191406,146.30764236450196,70555800,1.9837809934697583,1.1309983937623922,2023-01-27
141.3564453125,133.50869636535646,137.3686166381836,146.1894913482666,64015300,1.9439507126189803,1.1309983937623922,2023-01-30
142.63160705566406,134.21844367980958,137.27965087890624,146.0642347717285,65874500,1.9614868891537551,1.1309983937623922,2023-01-31
143.7584991455078,135.22474212646483,137.17506622314454,145.9697551727295,77663600,1.9769840437140132,1.1309983937623922,2023-02-01
149.08657836914062,136.4336856842041,137.1657745361328,145.9029983520508,118339000,2.0502564253218964,1.1309983937623922,2023-02-02
152.72427368164062,137.89074478149413,137.2940823364258,145.84296577453614,154357300,2.100282445567326,1.1309983937623922,2023-02-03
149.98611450195312,138.98353958129883,137.32472625732422,145.77007888793946,69858300,2.0626269536168147,1.1309983937623922,2023-02-06
152.87255859375,140.19446182250977,137.3955029296875,145.71560958862304,83322600,2.1023216773825317,1.1309983937623922,2023-02-07
150.17393493652344,141.24178314208984,137.47082733154298,145.6704281616211,64120100,2.0652098826570873,1.1309983937623922,2023-02-08
149.135986328125,142.10079345703124,137.6022982788086,145.6146939086914,56007100,2.0509358894727128,1.1309983937623922,2023-02-09
149.50233459472656,142.9820755004883,137.80139587402343,145.59070655822754,57450700,2.0559739545736884,1.1309983937623922,2023-02-10
152.31396484375,143.93721694946288,137.92110260009767,145.58190895080565,62199000,2.0946398294414887,1.1309983937623922,2023-02-13
151.67044067382812,144.80185928344727,138.02240325927735,145.53510749816894,61707600,2.085790008225756,1.1309983937623922,2023-02-14
153.77919006347656,145.8080192565918,138.17576385498046,145.5283222961426,65573800,2.114789781597812,1.1309983937623922,2023-02-15
152.1753387451172,146.73102188110352,138.3203759765625,145.51199249267577,68167900,2.0927334267823876,1.1309983937623922,2023-02-16
151.02694702148438,147.46809844970704,138.51556549072265,145.48244186401368,59144100,2.0769406066914007,1.1309983937623922,2023-02-17
146.99755859375,147.84356765747071,138.66911376953124,145.40056564331056,58867200,2.0215279759606517,1.1309983937623922,2023-02-21
147.4232940673828,148.17013931274414,138.79737030029298,145.36633071899413,51011300,2.027382741023016,1.1309983937623922,2023-02-22
147.9083709716797,148.55408172607423,138.94501556396483,145.33087493896485,48394200,2.034053576524703,1.1309983937623922,2023-02-23
145.2452392578125,148.7010711669922,138.99333374023436,145.30782501220702,55469600,1.997429871241754,1.1309983937623922,2023-02-24
146.44313049316406,148.81059036254882,139.04623504638673,145.2786922454834,44998500,2.0139034145276913,1.1309983937623922,2023-02-27
145.93824768066406,149.03968048095703,139.13371887207032,145.28650428771974,50547000,2.0069602058117484,1.1309983937623922,2023-02-28
143.85922241210938,149.1010612487793,139.31227996826172,145.30333557128907,55479000,1.9783692021017651,1.1309983937623922,2023-03-01
144.4532470703125,149.13579864501952,139.54206451416016,145.30071678161622,52238100,1.9865383001225476,1.1309983937623922,2023-03-02
149.52210998535156,149.15757522583007,139.91553436279298,145.3311782836914,70732300,2.056245908106566,1.1309983937623922,2023-03-03
152.29415893554688,149.13606948852538,140.34582885742188,145.35726837158202,87558000,2.0943674562272325,1.1309983937623922,2023-03-06
150.08644104003906,149.14108581542968,140.6696936035156,145.41380935668946,56182000,2.0640066561466535,1.1309983937623922,2023-03-07
151.34373474121094,149.06464462280275,141.08236358642577,145.49373542785645,47204800,2.081297109234669,1.1309983937623922,2023-03-08
149.08648681640625,149.01027221679686,141.4572039794922,145.56119270324706,53833600,2.050255166277762,1.1309983937623922,2023-03-09
147.0173797607422,148.90434188842772,141.8268408203125,145.59110458374025,68572400,2.021800559015596,1.1309983937623922,2023-03-10
148.9676971435547,148.87761001586915,142.31436721801757,145.6443187713623,84457100,2.048621556514295,1.1309983937623922,2023-03-13
151.06654357910156,148.81523895263672,142.7732911682129,145.70723861694336,73695900,2.077485143279223,1.1309983937623922,2023-03-14
151.46255493164062,148.80484466552736,143.23380905151367,145.7560749053955,77167900,2.082931138679515,1.1309983937623922,2023-03-15
154.2939910888672,148.83058471679686,143.84703826904297,145.7901933288574,76161100,2.121869386761571,1.1309983937623922,2023-03-16
153.45249938964844,148.89444274902343,144.41793411254883,145.82404609680177,98944600,2.1102970924474143,1.1309983937623922,2023-03-17
155.82850646972656,149.13452072143554,145.06284240722655,145.87041961669922,73641400,2.142972225486411,1.1309983937623922,2023-03-20
157.6897430419922,149.66912994384765,145.6540328979492,145.91378051757812,73938300,2.168568173043026,1.1309983937623922,2023-03-21
156.25421142578125,150.11067581176758,146.2060348510742,145.97869102478026,75701800,2.148826570867398,1.1309983937623922,2023-03-22
157.34323120117188,150.5824188232422,146.7683493041992,146.04530181884766,67622100,2.1638029008376845,1.1388809308505354,2023-03-23
158.65005493164062,151.2526596069336,147.3022348022461,146.10578308105468,59196500,2.1817744968020283,1.1483399753563073,2023-03-24
156.69973754882812,151.7654899597168,147.79869567871094,146.1602082824707,52390300,2.1549534993033292,1.134223198552915,2023-03-27
156.07601928710938,152.27237854003906,148.25599334716796,146.23772918701172,45992200,2.146376051301852,1.1297086043814852,2023-03-28
159.1648712158203,153.03766098022462,148.75173889160158,146.35784492492675,51305700,2.1888543118064767,1.1520663158189224,2023-03-29
160.739013671875,153.85194931030273,149.29339935302735,146.5117008972168,49501700,2.210502106800517,1.1634602652882247,2023-03-30
163.2536163330078,154.53852462768555,149.88416595458983,146.67379364013672,68749800,2.245083222817237,1.181661448761879,2023-03-31
164.51095581054688,155.14936447143555,150.4486767578125,146.829016494751,56976200,2.262374305427319,1.1907623166139187,2023-04-03
163.9763641357422,155.8438606262207,150.93844055175782,147.00802726745604,46278300,2.2550225368899923,1.1868928380251127,2023-04-04
162.12501525878906,156.3829246520996,151.3631036376953,147.17039001464843,51511700,2.229562566099816,1.1734924145291843,2023-04-05
163.01602172851562,157.07940139770508,151.81883361816406,147.31597023010255,45390100,2.241815793449612,1.1799416927719746,2023-04-06
160.4122772216797,157.74914627075196,152.1809701538086,147.4510940551758,47716900,2.2060087881280523,1.1610952832696115,2023-04-10
159.194580078125,158.26049041748047,152.47980682373046,147.5657410430908,47644200,2.1892628716278595,1.1522813543464634,2023-04-11
158.5015869140625,158.63224258422852,152.8227096557617,147.66021896362304,50133100,2.1797327468985537,1.1472653349490258,2023-04-12
163.9070587158203,159.2544677734375,153.24821868896484,147.78172424316406,68445600,2.254069440480786,1.1863911919069348,2023-04-13
163.56057739257812,159.71779708862306,153.64426025390625,147.92229110717773,49386500,2.2493045879568223,1.183883292654301,2023-04-14
163.580322265625,160.22418823242188,153.93413513183594,148.05413635253908,41516200,2.249576121808322,1.1840262098883216,2023-04-17
164.80795288085938,160.67316055297852,154.17580871582032,148.2044878387451,49923000,2.2664586445970207,1.19291203921282,2023-04-18
165.95639038085938,161.08649291992188,154.49521423339843,148.34969184875487,47720200,2.2822520942100746,1.2012246533560456,2023-04-19
164.98614501953125,161.52308959960936,154.73748596191408,148.47708518981935,52456400,2.2689091641625665,1.194201828593727,2023-04-20
163.37242126464844,161.8245491027832,155.00145568847657,148.58970848083496,58337300,2.2467170424213925,1.1825213819798732,2023-04-21
163.67933654785156,162.07601318359374,155.2923226928711,148.68696502685546,41949600,2.250937778038912,1.1847428945340406,2023-04-24
162.13490295410156,162.34777145385743,155.5449740600586,148.77309944152833,48714100,2.229698542866255,1.1735639835922795,2023-04-25
162.12501525878906,162.6502212524414,155.7411950683594,148.86987716674804,45498800,2.229562566099816,1.173492414529184,2023-04-26
166.72857666015625,163.0284065246582,156.04235778808595,148.98479454040526,64902300,2.2928712921150254,1.2068138879347563,2023-04-27
167.98590087890625,163.39075088500977,156.32649200439454,149.10782150268554,55209200,2.310162164884419,1.215914645340711,2023-04-28
167.8967742919922,163.62290878295897,156.64092071533204,149.21571899414062,52472900,2.308936485420268,1.2152695297580873,2023-05-01
166.85728454589844,163.74022521972657,156.9575274658203,149.3100421142578,48425700,2.29464129832631,1.207745500661931,2023-05-02
165.77818298339844,163.83031616210937,157.33313995361328,149.41424522399902,65136000,2.27980136480384,1.1999347535290534,2023-05-03
164.13473510742188,163.93080215454103,157.66736877441406,149.49086585998535,81235400,2.2572004734005935,1.1880391579415732,2023-05-04
171.83706665039062,164.37185440063476,158.14594268798828,149.59594604492187,113316400,2.3631238563682446,1.2437901327398484,2023-05-05
171.76776123046875,164.93962860107422,158.6763931274414,149.68929718017577,55962800,2.3621707599590387,1.2432884866216707,2023-05-08
170.05503845214844,165.4826515197754,159.14863128662108,149.78029342651368,45326900,2.338617191827964,1.2308914658081829,2023-05-09
171.82717895507812,166.14893112182617,159.66640991210937,149.88576766967773,53724500,2.362987879601806,1.2437185636767532,2023-05-10
172.01527404785156,166.55434188842773,160.2295309448242,149.99883445739746,49514700,2.3655745857744797,1.2450800325668405,2023-05-11
171.0833740234375,166.93048171997071,160.7621334838867,150.08166816711426,45497800,2.3527589853783004,1.2383347588161866,2023-05-12
170.5876922607422,167.28085021972657,161.18344512939453,150.1592640686035,37266700,2.3459423105977937,1.234746917744191,2023-05-15
170.5876922607422,167.5698371887207,161.54931579589845,150.21143394470215,42110300,2.3459423105977937,1.234746917744191,2023-05-16
171.2023468017578,167.83213500976564,161.9716339111328,150.27160461425783,57951600,2.354395113230035,1.2391959069411165,2023-05-17
173.54200744628906,168.25992813110352,162.41559936523439,150.35086502075194,65496700,2.386570405747955,1.256130826049974,2023-05-18
173.65106201171875,168.77386016845702,162.90689086914062,150.4005140686035,55772400,2.3880701371518733,1.2569201842196385,2023-05-19
172.69932556152344,169.22485961914063,163.42052978515625,150.44698127746582,43570900,2.3749817438600602,1.2500313305584536,2023-05-22
170.08206176757812,169.62221755981446,163.8428170776367,150.48149711608886,50747300,2.3389888196880917,1.2310870658247595,2023-05-23
170.35963439941406,170.0339485168457,164.22867889404296,150.51976943969726,45143500,2.342806031660762,1.233096190557426,2023-05-24
171.499755859375,170.27250747680665,164.62942291259765,150.56349555969237,56058300,2.3584851180983386,1.2413486115843135,2023-05-25
173.91871643066406,170.56914825439452,165.0219174194336,150.59800010681153,54835000,2.3917509526767264,1.2588575189970392,2023-05-26
175.7726287841797,170.96294097900392,165.46832000732422,150.64547492980958,55964400,2.4172461767026463,1.2722764974352516,2023-05-30
175.72305297851562,171.40622940063477,165.8662109375,150.6748888397217,99625300,2.416564404304251,1.2719176581050096,2023-05-31
178.53860473632812,172.04425048828125,166.2831881713867,150.71300216674805,68901800,2.455284208229111,1.292297169713587,2023-06-01
179.3911895751953,172.80707321166992,166.745927734375,150.7561678314209,61945900,2.467009056724134,1.2984683447142875,2023-06-02
178.03297424316406,173.1168685913086,167.15972259521484,150.7850422668457,121946500,2.44833071731941,1.288637317794156,2023-06-05
177.66616821289062,173.4117889404297,167.54004486083986,150.81405647277833,64848400,2.443286356997766,1.2859823043562706,2023-06-06
176.28814697265625,173.72344436645508,167.93181304931642,150.84915786743164,61944600,2.4243356443787865,1.2760079184177782,2023-06-07
179.0144500732422,174.0828079223633,168.39058166503906,150.91738143920898,50214900,2.4618280901139844,1.295741430875052,2023-06-08
179.40109252929688,174.45209884643555,168.7953060913086,150.98921585083008,48870700,2.4671452433312617,1.298540024223468,2023-06-09
182.2067108154297,175.00826568603514,169.2246600341797,151.07359817504883,54274900,2.505728440967616,1.3188476354306948,2023-06-12
181.7308349609375,175.56542282104493,169.59420440673827,151.14326515197754,54929100,2.499184139401365,1.31540315337706,2023-06-13
182.36532592773438,176.15430450439453,169.95129180908202,151.24773391723633,57462900,2.5079097349292407,1.3199957224845167,2023-06-14
184.4075927734375,176.8145668029785,170.35991638183594,151.373466796875,65433200,2.5359952324195465,1.334778047396262,2023-06-15
183.32696533203125,177.30381469726564,170.7839553833008,151.5059843444824,101235600,2.5211343148281817,1.326956255654882,2023-06-16
183.4162139892578,177.79207229614258,171.19195922851563,151.64728729248046,49799100,2.522361673017844,1.3276022548061859,2023-06-20
182.37525939941406,178.2758689880371,171.63121887207032,151.7797338104248,49515700,2.508046341217747,1.3200676228858677,2023-06-21
185.38906860351562,179.04121932983398,172.1551086425781,151.937858505249,51245300,2.549492605214121,1.3418821604771582,2023-06-22
185.07179260253906,179.77682723999024,172.68651275634767,152.10071281433105,53079300,2.5451293877688053,1.33958565503126,2023-06-23
183.67396545410156,180.38553771972656,173.08185089111328,152.2495216369629,48088700,2.52590630193557,1.3294679100744067,2023-06-26
186.43992614746094,181.0115982055664,173.53943786621093,152.41956192016602,50730800,2.563944123621346,1.3494884719066569,2023-06-27
187.61965942382812,181.60394973754882,174.020224609375,152.58114196777345,51216800,2.580167956487434,1.358027610970266,2023-06-28
187.95675659179688,182.21563491821288,174.48320068359374,152.71450538635253,46347300,2.5848037569876943,1.3604675858806101,2023-06-29
192.2990264892578,182.90365600585938,175.0100534057617,152.91690048217774,85069600,2.6445191710453417,1.3918977805262363,2023-06-30
190.80203247070312,183.47419815063478,175.52637115478515,153.1045571899414,31458200,2.623932330574627,1.3810622464628137,2023-07-03
189.68177795410156,184.05663833618163,176.05255828857423,153.30111946105956,46920300,2.608526456714062,1.372953626238627,2023-07-05
190.15762329101562,184.68121109008788,176.5821240234375,153.50830131530762,45094300,2.615070338598935,1.376397887400092,2023-07-06
189.03736877441406,185.31867218017578,177.12017333984375,153.69123016357423,46778000,2.5996644647383698,1.3682892671759053,2023-07-07
186.9851837158203,185.7172088623047,177.61737670898438,153.85195686340333,59922200,2.5714425708002477,1.3534351523088948,2023-07-10
186.45974731445312,186.0701416015625,178.0120001220703,154.0257476043701,46638100,2.564216706676291,1.3496319413711029,2023-07-11
188.1352081298828,186.36656646728517,178.41498626708983,154.21275131225585,60750200,2.5872578438449523,1.3617592528449627,2023-07-12
188.89857482910156,186.72495346069337,178.83502227783202,154.41497016906737,41342300,2.59775575383169,1.3672846495865294,2023-07-13
189.04727172851562,187.0590507507324,179.2788220214844,154.6162548828125,41573900,2.5998006513454976,1.3683609466850857,2023-07-14
192.31884765625,187.45461349487306,179.8096353149414,154.8290125274658,50520200,2.6447917541002863,1.3920412499906822,2023-07-17
192.06106567382812,187.89131851196288,180.36816192626952,155.04995529174803,48353800,2.641246705501183,1.3901753738302915,2023-07-18
193.41928100585938,188.39147186279297,180.7998062133789,155.31400588989257,80507300,2.659925044905907,1.4000064007504232,2023-07-19
191.46624755859375,188.84602127075195,181.19377593994142,155.58941024780273,59581200,2.6330666957645747,1.3858699645438968,2023-07-20
190.28651428222656,189.0908935546875,181.59840545654296,155.837945022583,71917800,2.6168428628984866,1.3773308254802876,2023-07-21
191.0895233154297,189.39178009033202,181.98365234375,156.07248435974122,45377800,2.627885938995114,1.3831431611507463,2023-07-24
191.9520263671875,189.80568313598633,182.38238739013673,156.30985580444337,37283200,2.6397471839379536,1.3893861261067122,2023-07-25
192.82444763183594,190.1249092102051,182.81720886230468,156.5563759613037,47471900,2.65174482532861,1.3957008810179434,2023-07-26
191.55548095703125,190.32170028686522,183.23656463623047,156.82290054321288,47460200,2.6342938441135484,1.3865158532491155,2023-07-27
194.14297485351562,190.63101119995116,183.70767028808595,157.10073432922363,48291400,2.669877369101378,1.4052446376709284,2023-07-28
194.7576446533203,190.7539421081543,184.17877624511718,157.3887469482422,38824100,2.6783303815743085,1.4096937373139389,2023-07-31
193.9248809814453,190.91008453369142,184.5864337158203,157.67575355529786,35175100,2.6668781161342303,1.4036660317776841,2023-08-01
190.92098999023438,190.97204513549804,184.93183227539063,157.9247960662842,50389300,2.625568248585673,1.3819232841416589,2023-08-02
189.52313232421875,190.9403205871582,185.26830841064452,158.1895965576172,61235200,2.60634474307106,1.3718053182926357,2023-08-03
180.42222595214844,190.50956344604492,185.47511169433594,158.38900718688964,115799700,2.481187992076415,1.3059311866793413,2023-08-04
177.30929565429688,190.02576904296876,185.6141049194336,158.56624114990234,97576100,2.4383786029646286,1.2833991913197365,2023-08-07
178.2510986328125,189.6153366088867,185.74913177490234,158.74764129638672,67823000,2.4513303899679353,1.2902161445795706,2023-08-08
176.65493774414062,189.04132308959962,185.80385620117187,158.92337997436525,60378500,2.4293797948597415,1.278662821409579,2023-08-09
176.4368438720703,188.41823654174806,185.81714050292967,159.0788826751709,54686900,2.4263805418925943,1.2770842155163349,2023-08-10
176.4964141845703,187.7906936645508,185.83260772705077,159.2239264678955,51988100,2.4271997599422512,1.2775153970322675,2023-08-11
178.15428161621094,187.08246536254882,185.82492126464842,159.3629991912842,43675600,2.4499989507965547,1.289515364170095,2023-08-14
176.1588897705078,186.2873565673828,185.7602752685547,159.5068487548828,43622600,2.4225580839027003,1.2750723296315427,2023-08-15
175.28529357910156,185.38065719604492,185.70532165527345,159.66878158569335,46964900,2.4105442847789953,1.2687490703717645,2023-08-16
172.73399353027344,184.4440444946289,185.6066781616211,159.7639761352539,66062900,2.375458501905353,1.250282264063628,2023-08-17
173.2204132080078,183.59073944091796,185.54532348632813,159.8734452819824,61114200,2.3821478033876677,1.2538030643620142,2023-08-18
174.5605926513672,182.76429290771483,185.45624633789063,160.00288879394532,46311900,2.400578111098054,1.2635035440096478,2023-08-21
175.94049072265625,181.96371612548828,185.3870343017578,160.1669627380371,42084200,2.419554634121775,1.2734915148165982,2023-08-22
179.8022003173828,181.31260375976564,185.33894409179686,160.38069145202635,52722800,2.4726613255216643,1.3014433204604872,2023-08-23
175.09666442871094,180.48966293334962,185.20626068115234,160.57222694396972,54945800,2.407950234182209,1.2673837358687015,2023-08-24
177.31044006347656,179.64803619384764,185.1051629638672,160.77216247558593,51449600,2.4383943410163007,1.2834074747761133,2023-08-25
178.8789520263672,178.8541015625,184.9945901489258,160.97707389831544,43820700,2.459964704796119,1.294760669640042,2023-08-28
182.78038024902344,178.2968765258789,184.9836584472656,161.22437629699706,53003900,2.5136176115093427,1.3229999664432477,2023-08-29
186.28466796875,178.0650604248047,185.04102752685546,161.42988967895508,60813900,2.5618089946112916,1.348364682991541,2023-08-30
186.50306701660156,177.91405715942383,185.1235836791992,161.62250778198242,60794500,2.564812444392218,1.3499454978064855,2023-08-31
188.08148193359375,178.2970199584961,185.17743194580078,161.83003646850585,45732600,2.5865189947791642,1.3613703721795947,2023-09-01
188.31976318359375,178.84754333496093,185.24239135742187,162.03005760192872,45280000,2.589795866977791,1.3630950982433252,2023-09-05
181.57916259765625,179.01394653320312,185.20049530029297,162.20255393981932,81755800,2.4970983229532147,1.3143053192919254,2023-09-06
176.26808166503906,178.99460372924804,184.99705841064454,162.33895568847657,112488800,2.42405970387282,1.275862681815973,2023-09-07
176.88356018066406,179.01693954467774,184.78233642578124,162.47561767578125,65551300,2.432523837902265,1.28031763510149,2023-09-08
178.05499267578125,179.0948684692383,184.58430114746093,162.6343482208252,58953100,2.448633517433565,1.288796691494846,2023-09-11
175.01727294921875,178.93801803588866,184.23866607666017,162.76716499328614,90370200,2.406858433077608,1.2668090848883233,2023-09-12
172.9424591064453,178.77719650268554,183.881474609375,162.88520866394043,84267900,2.3783253453977746,1.2517911784772227,2023-09-13
174.46133422851562,178.73599853515626,183.57706573486328,163.02547676086425,60895800,2.399213097416442,1.262785092226569,2023-09-14
173.7366180419922,178.7861297607422,183.24864562988282,163.18134765625,109205100,2.3892467138948117,1.2575394554183674,2023-09-15
176.6750946044922,178.9588638305664,183.00140014648437,163.36698585510254,67257600,2.4296569944098447,1.278808720687896,2023-09-18
177.76710510253906,179.119189453125,182.81703857421874,163.52417823791504,51826900,2.4446744531551654,1.2867129052087036,2023-09-19
174.21315002441406,179.0328224182129,182.57210662841797,163.6622169494629,58436200,2.3958000386106875,1.2609886866536582,2023-09-20
172.66448974609375,178.67593688964843,182.2626922607422,163.79498359680176,63047900,2.374502677567192,1.2497791821463453,2023-09-21
173.51821899414062,178.5970146179199,181.95508514404298,163.9378510284424,56725400,2.3862432641138858,1.2559586406034227,2023-09-22
174.79885864257812,178.471435546875,181.6701168823242,164.1055079650879,46172700,2.403854773455993,1.2652281596272936,2023-09-25
170.70883178710938,178.06292953491212,181.2379165649414,164.26245140075685,64588900,2.3476082358273604,1.2356237492131947,2023-09-26
169.18995666503906,177.3834083557129,180.78049438476563,164.40334884643553,66921800,2.326720483808693,1.2246298354638483,2023-09-27
169.4480743408203,176.5415786743164,180.30107025146484,164.5479586791992,56294400,2.330270148902953,1.2264981414381095,2023-09-28
169.96432495117188,175.71464157104492,179.8710317993164,164.6836336517334,51814200,2.337369688932163,1.2302348638327172,2023-09-29
172.48582458496094,174.9348587036133,179.5150180053711,164.82707244873046,52164500,2.372045652940288,1.2484859689368024,2023-10-02
171.14561462402344,174.07615127563477,179.11613983154297,164.97498023986816,49594600,2.353614925548524,1.2387852683969987,2023-10-03
172.39646911621094,173.6170166015625,178.72502868652344,165.16230674743653,53020300,2.370816825865803,1.2478391966629032,2023-10-04
173.6373748779297,173.48548126220703,178.3412872314453,165.3656735229492,48527900,2.3878819100538875,1.2568211140813725,2023-10-05
176.19859313964844,173.45123291015625,178.03414947509765,165.5924234008789,57224100,2.4231040893753466,1.2753597103447745,2023-10-06
177.6876983642578,173.43286819458007,177.7050439453125,165.8269647216797,42390800,2.4435824422098746,1.2861381437822397,2023-10-09
177.09202575683594,173.53660583496094,177.3517315673828,166.0429588317871,43698000,2.4353906813946855,1.2818265495150836,2023-10-10
178.49179077148438,173.8140724182129,177.04306976318358,166.28186660766602,47551100,2.4546404169954177,1.2919583211247347,2023-10-11
179.39517211914062,174.06076431274414,176.81255340576172,166.5271201324463,56743100,2.4670638251439514,1.2984971711424793,2023-10-12
177.54872131347656,174.25136947631836,176.57306518554688,166.77218605041503,51427100,2.441671213214928,1.2851322008398436,2023-10-13
177.4196319580078,174.28859634399413,176.51301330566406,167.03632732391358,52517000,2.4398959609864197,1.284197826960543,2023-10-16
175.86105346679688,174.19329376220702,176.48404846191406,167.27503086090087,57549400,2.418462203495107,1.2729165324979648,2023-10-17
174.5605926513672,174.21066589355468,176.41023834228517,167.5056505203247,54764400,2.4005781110980546,1.2635035440096478,2023-10-18
174.18338012695312,174.28661041259767,176.3608071899414,167.75840476989745,59302900,2.3953906394265476,1.2607732063417763,2023-10-19
171.6221466064453,174.1918067932129,176.26451324462892,167.99197696685792,64189300,2.3601682502643992,1.2422344996322892,2023-10-20
171.7412567138672,174.03892669677734,176.16941009521486,168.23276779174805,55980100,2.361806266682335,1.2430966417719844,2023-10-23
172.17803955078125,174.11238708496094,176.04988525390624,168.45300689697265,43816600,2.3678129564034984,1.2462581609557883,2023-10-24
169.8551025390625,174.1456443786621,175.92380950927733,168.6590118408203,57157000,2.335867649280666,1.2294442907561167,2023-10-25
165.67572021484375,173.95702667236327,175.7316180419922,168.84125289916992,70625300,2.278392284577549,1.199193108068119,2023-10-26
166.9960479736328,173.80861282348633,175.61685913085938,169.0164542388916,58499100,2.2965495895516126,1.2087498973591368,2023-10-27
169.05096435546875,173.63686981201172,175.5334701538086,169.202325592041,51131000,2.3248090449730565,1.2236237820753666,2023-10-30
169.52749633789062,173.55596389770508,175.43280822753906,169.3839073944092,44846000,2.3313623696889323,1.2270730133106573,2023-10-31
172.70419311523438,173.57135009765625,175.36808227539063,169.57554039001465,56934900,2.3750486830398363,1.2500665628595762,2023-11-01
176.2780303955078,173.70338287353516,175.29759887695312,169.78865058898927,77334800,2.4241965200020146,1.2759346926634074,2023-11-02
175.3647003173828,173.66168823242188,175.30295959472656,169.99689765930177,79763700,2.411636295724286,1.2693238317982274,2023-11-03
177.92593383789062,173.67360000610353,175.31526947021484,170.20510025024413,63841300,2.446858684886434,1.2878625385077145,2023-11-06
180.49710083007812,173.84385375976564,175.34763244628905,170.41014488220216,70530000,2.4822176803370875,1.3064731456185519,2023-11-07
181.55929565429688,173.99722900390626,175.32321075439452,170.61348205566406,49340300,2.4968251103762014,1.3141615184892232,2023-11-08
181.0828094482422,174.08161087036132,175.21917358398437,170.81774848937988,53763500,2.4902724151823925,1.3107126185921876,2023-11-09
185.2875518798828,174.46855239868165,175.19486328125,171.03265899658203,66133400,2.548096535110543,1.3411473626734949,2023-11-10
183.6970977783203,174.78242568969728,175.10717559814452,171.22988075256347,43627500,2.526224420420016,1.329635346339302,2023-11-13
186.32135009765625,175.30544052124023,175.06720733642578,171.45470527648925,60108400,2.5623134516275234,1.348630195379937,2023-11-14
186.88792419433594,175.92180709838868,175.1733825683594,171.6759868621826,53790500,2.570105046248887,1.3527311689629529,2023-11-15
188.5778045654297,176.6415283203125,175.4195770263672,171.90008338928223,54412900,2.5933444828686048,1.36496285198716,2023-11-16
188.5579376220703,177.48831787109376,175.65306457519532,172.09744018554687,50922700,2.5930712702915932,1.3648190511844591,2023-11-17
190.30740356445312,178.41662521362304,175.89811279296876,172.28535583496094,46505100,2.6171301348016573,1.3774820261706842,2023-11-20
189.5022430419922,179.2828353881836,176.18781219482423,172.48293647766113,38134500,2.606057471167888,1.3716541176022372,2023-11-21
190.16822814941406,180.29849166870116,176.53232757568358,172.66941482543945,39617700,2.6152161778777536,1.3764746474291825,2023-11-22
188.8362579345703,181.4565185546875,176.81982604980467,172.8627264404297,24048300,2.5968987644580217,1.3668335877752915,2023-11-24
188.6573028564453,182.53958129882812,177.11823974609376,173.06033302307128,40552600,2.5944377528580285,1.3655382760901331,2023-11-27
189.26368713378906,183.55021743774415,177.3700115966797,173.2591397857666,38415400,2.60277682183686,1.369927403508976,2023-11-28
188.2398223876953,184.48583374023437,177.57946594238283,173.43876907348633,43014200,2.5886965116083855,1.3625164712038842,2023-11-29
188.8163604736328,185.29144210815429,177.87153015136718,173.62449867248534,48794400,2.596625132199633,1.3666895660804208,2023-11-30
190.0986785888672,185.98247451782225,178.22021392822265,173.8060961151123,45679300,2.6142597240175247,1.3759712341736443,2023-12-01
188.29945373535156,186.62921218872071,178.51583862304688,173.98671669006347,43389500,2.589516569020798,1.362948094504157,2023-12-04
192.2656707763672,187.34619903564453,178.86517486572265,174.1929103088379,66628400,2.6440604592992987,1.3916563453843733,2023-12-05
191.17222595214844,187.87995529174805,179.27444274902345,174.41378364562988,41089700,2.629023275529217,1.3837417789315734,2023-12-06
193.110595703125,188.45752029418946,179.75285552978517,174.64222015380858,47477700,2.655679967768469,1.397772076450392,2023-12-07
194.54197692871094,189.1304786682129,180.25473358154298,174.87538818359374,53377300,2.675364493276703,1.4081326923482125,2023-12-08
192.027099609375,189.4674560546875,180.69598907470703,175.10929748535156,60943700,2.640779600127582,1.3899295208450275,2023-12-11
193.54795837402344,189.95999908447266,181.1172317504883,175.34482162475587,52696900,2.661694631435813,1.4009377925854272,2023-12-12
196.778564453125,190.48285980224608,181.6298907470703,175.59902320861818,70404200,2.7061223119407742,1.424321548152735,2023-12-13
196.9276885986328,190.98484802246094,182.12051513671875,175.8643655395508,66831600,2.7081730849938723,1.4254009377416716,2023-12-14
196.3909149169922,191.37550354003906,182.5755859375,176.12405387878417,128256700,2.700791309238026,1.421515665362707,2023-12-15
194.72091674804688,191.68365249633788,182.94603240966796,176.35004791259766,55751900,2.6778252950360084,1.4094278935872857,2023-12-18
195.7646484375,191.95651473999024,183.3075714111328,176.56740036010743,40714100,2.6921788178414943,1.4169826266950782,2023-12-19
193.667236328125,192.16476440429688,183.6390756225586,176.78530433654785,52242800,2.6633349561013273,1.4018011496320573,2023-12-20
193.51812744140625,192.33225936889647,183.93960235595702,176.99617630004883,46482500,2.661284392888918,1.4007218704892055,2023-12-21
192.44459533691406,192.51267623901367,184.2005908203125,177.21296684265135,37122800,2.6465210512179147,1.3929514361773614,2023-12-22
191.89785766601562,192.6747039794922,184.48757354736327,177.43736923217773,28919300,2.6390022494921848,1.3889940425048763,2023-12-26
191.9972686767578,192.81138305664064,184.7791262817383,177.65251708984374,48087700,2.640369361580687,1.3897135987488058,2023-12-27
192.42471313476562,193.02062759399413,185.11039947509767,177.85930793762208,34049900,2.6462476288002135,1.3928075249285752,2023-12-28
191.38096618652344,193.14885787963868,185.44680694580077,178.0588999938965,42628800,2.6318938961540383,1.3852526813746975,2023-12-29
184.53208923339844,192.87052841186522,185.65378112792968,178.21009048461914,82488700,2.53770732260068,1.3356791770039695,2024-01-02
183.150390625,192.61307525634766,185.88434600830078,178.3585799407959,58414500,2.518706038375664,1.3256781735589864,2024-01-03
180.82435607910156,192.04100952148437,186.06600799560547,178.48355918884278,71983600,2.486718133592975,1.3088418828040551,2024-01-04
180.09869384765625,191.48733291625976,186.22442108154297,178.5956039428711,62303300,2.47673873994863,1.3035893983385818,2024-01-05
184.4525604248047,191.05443115234374,186.5163702392578,178.7365956878662,59144500,2.5366136329298787,1.3351035320088258,2024-01-08
184.03506469726562,190.5290855407715,186.88355712890626,178.87005485534667,42841800,2.5308721818395465,1.3320816166764917,2024-01-09
185.0788116455078,190.18167114257812,187.24521240234375,179.002198638916,46792900,2.545225914485721,1.3396364602303694,2024-01-10
184.48236083984375,189.72839126586913,187.55384033203126,179.1411117553711,49128400,2.537023451795396,1.3353192332128772,2024-01-11
184.81040954589844,189.1299835205078,187.8594985961914,179.28478370666505,40444700,2.5415348167671095,1.3376937135948022,2024-01-12
182.53408813476562,188.41030349731446,188.05609649658203,179.40162979125978,65603000,2.510230572949016,1.321217256184878,2024-01-16
181.58973693847656,187.67024459838868,188.1623306274414,179.50588340759276,47317400,2.497243742550655,1.314381858428845,2024-01-17
187.50424194335938,187.3094108581543,188.40512145996092,179.62713653564452,78005800,2.578580721516224,1.3571921967831453,2024-01-18
190.416748046875,187.04201583862306,188.65493774414062,179.75666549682617,68741000,2.6186338531786664,1.3782734828159635,2024-01-19
192.73284912109375,186.99529647827148,188.89965270996095,179.90044792175294,60133900,2.6504851516728496,1.3950378731695445,2024-01-22
194.01515197753906,187.02014770507813,189.14876983642577,180.0598986053467,42355600,2.6681195336500525,1.404319430816683,2024-01-23
193.33921813964844,187.06487884521485,189.3938980102539,180.21151458740235,53631300,2.6588240108109917,1.3994268901423021,2024-01-24
193.01116943359375,187.12054443359375,189.54837036132812,180.3745090484619,54822100,2.6543126458392785,1.3970524097603771,2024-01-25
191.2716064453125,187.0842613220215,189.69986053466798,180.53489418029784,44594000,2.6303899679363423,1.3844611142833325,2024-01-26
190.5857391357422,186.9923126220703,189.7851483154297,180.69531494140625,47145600,2.620957838808776,1.3794966732076013,2024-01-29
186.9177703857422,186.76915283203124,189.7857452392578,180.81036849975587,55859400,2.5705154946364717,1.3529472015052586,2024-01-30
183.2994842529297,186.7075225830078,189.6801788330078,180.90906303405762,55467800,2.520756391747385,1.3267573422557533,2024-01-31
185.7447967529297,186.8372428894043,189.623916015625,181.01988540649415,64885400,2.554384621195588,1.3444569900573151,2024-02-01
184.7408447265625,187.03306732177734,189.51258483886718,181.11954986572266,102518000,2.5405781530661917,1.3371901898931793,2024-02-02
186.55990600585938,187.3561279296875,189.45373809814453,181.22256744384765,69668800,2.5655941009585517,1.3503569094731973,2024-02-05
188.17025756835938,187.54201278686523,189.41377868652344,181.3384880065918,43490800,2.5877398479074682,1.3620129475022609,2024-02-06
188.2795867919922,187.75423889160157,189.40264526367187,181.46302383422852,53439000,2.589243356443787,1.3628042937014557,2024-02-07
187.19610595703125,187.86010360717773,189.37342132568358,181.58060768127442,40962000,2.574343198643589,1.3549618485421762,2024-02-08
187.9624786376953,188.03410949707032,189.3473971557617,181.70974555969238,45155200,2.58488244724605,1.3605090031624927,2024-02-09
186.27044677734375,188.10711135864258,189.3080096435547,181.83047271728515,41781900,2.56161342308919,1.348261747240297,2024-02-12
184.1703643798828,188.18892517089844,189.21508972167967,181.9176816558838,56529500,2.5327328392284567,1.333060942112397,2024-02-13
183.28456115722656,188.27366638183594,189.07880737304689,181.9941749572754,54630500,2.520551167553592,1.3266493259845997,2024-02-14
182.9959259033203,188.048250579834,188.97273681640624,182.06967071533202,65434500,2.516581821081434,1.324560127840291,2024-02-15
181.45321655273438,187.60007400512694,188.7564877319336,182.1426503753662,49701400,2.495366297906628,1.3133936973061375,2024-02-16
180.70672607421875,186.9987678527832,188.547177734375,182.2172930908203,53665600,2.4851004717218674,1.307990453934607,2024-02-20
181.46316528320312,186.3711685180664,188.31422912597657,182.3039352416992,41529700,2.4955031140358224,1.313465708153573,2024-02-21
183.50352478027344,185.87938385009767,188.0934600830078,182.36226753234862,52292200,2.523562381440009,1.32823422730469,2024-02-22
181.6622314453125,185.3119369506836,187.88616271972657,182.41173988342285,45119700,2.4982406956638505,1.3149065877787924,2024-02-23
180.30862426757812,184.76378784179687,187.62137603759766,182.4630078125,40867400,2.479625728147189,1.305108915576338,2024-02-26
181.77169799804688,184.3230857849121,187.32123870849608,182.51273040771486,54318900,2.49974609276637,1.3156989279927527,2024-02-27
180.5673828125,184.00556640625,186.99403259277344,182.55549095153808,48953900,2.4831842065503853,1.3069818602861702,2024-02-28
179.90054321289062,183.83561935424805,186.6642251586914,182.59957679748535,136682600,2.474013748761938,1.3021551454784634,2024-02-29
178.81565856933594,183.48916244506836,186.3461199951172,182.64071662902833,73488000,2.4590942856183564,1.2943025392793617,2024-03-01
174.277099609375,182.965975189209,185.9163690185547,182.65916366577147,81510100,2.39667948093807,1.2614515661959906,2024-03-04
169.3204803466797,182.10400390625,185.4294338989258,182.6497543334961,95132400,2.32851546106196,1.2255745912751395,2024-03-05
168.3251953125,181.11175079345702,184.92557525634766,182.62367027282716,68587700,2.314828182443887,1.218370524487297,2024-03-06
168.20574951171875,180.10805892944336,184.44079833984375,182.59644371032715,71765100,2.3131855495307945,1.2175059525337313,2024-03-07
169.9276123046875,179.24463424682617,184.0013934326172,182.58258514404298,76114600,2.3368648122345497,1.2299691305521483,2024-03-08
171.93812561035156,178.44341659545898,183.60021057128907,182.59186546325682,60139500,2.3645136312511523,1.2445216171609592,2024-03-11
172.41587829589844,177.7506881713867,183.20003387451172,182.60214668273926,59825400,2.371083743222144,1.247979684083052,2024-03-12
170.3257598876953,177.05845794677734,182.77892974853515,182.59627670288086,52488700,2.3423401853312944,1.2328510002486723,2024-03-13
172.18695068359375,176.5035774230957,182.53202697753906,182.5876178741455,72913500,2.367935503365843,1.2463226614694412,2024-03-14
171.80873107910156,175.94421768188477,182.3051937866211,182.5677983856201,121664700,2.3627341822088654,1.2463226614694412,2024-03-15
172.90357971191406,175.51673583984376,182.14677825927734,182.5537010192871,75604200,2.3777906713223302,1.2463226614694412,2024-03-18
175.2524871826172,175.24402389526367,182.04985412597657,182.53727043151855,55215200,2.410093127297754,1.2463226614694412,2024-03-19
177.830322265625,175.06238174438477,181.91740936279297,182.5294660949707,53423100,2.4455438231294786,1.2463226614694412,2024-03-20
170.5646209716797,174.4154365539551,181.64800048828124,182.49212432861327,106181300,2.345625031476102,1.2463226614694412,2024-03-21
171.47035217285156,173.90584259033204,181.37583129882813,182.4611452484131,71106600,2.3580807550907332,1.2463226614694412,2024-03-22
170.04708862304688,173.39276580810548,181.0871258544922,182.42993995666504,54288300,2.33850786482902,1.2463226614694412,2024-03-25
168.91241455078125,172.7498016357422,180.76916595458985,182.37942977905274,57388400,2.322903691517398,1.2463226614694412,2024-03-26
172.49551391601562,172.34620819091796,180.56839447021486,182.34490188598633,60273300,2.3721789017777684,1.2463226614694412,2024-03-27
170.67408752441406,171.88488540649413,180.3500814819336,182.28723876953126,65672700,2.3471304285786214,1.2463226614694412,2024-03-28
169.2309112548828,171.4056480407715,179.98461486816407,182.224739151001,46240500,2.3272836962178296,1.2463226614694412,2024-04-01
168.04649353027344,171.0941177368164,179.53720977783203,182.15314498901367,49329500,2.310995442260234,1.2463226614694412,2024-04-02
168.8527069091797,171.07072906494142,179.05960693359376,182.07537055969237,47691700,2.3220825849015405,1.2463226614694412,2024-04-03
168.026611328125,171.05579986572266,178.53983612060546,181.99886878967285,53704400,2.3107220198425336,1.2463226614694412,2024-04-04
168.7830352783203,171.08466415405275,178.0487124633789,181.92570289611817,42055200,2.3211244523158,1.2463226614694412,2024-04-05
167.65835571289062,170.9712013244629,177.54165618896485,181.85211837768554,37425500,2.30565772465544,1.2463226614694412,2024-04-08
168.8726043701172,170.81792526245118,177.09367614746094,181.76953605651855,42451200,2.3223562171599306,1.2463226614694412,2024-04-09
166.99148559570312,170.5467056274414,176.62179107666014,181.67913452148437,49709300,2.2964868471856152,1.2463226614694412,2024-04-10
174.2173614501953,170.7412857055664,176.3677828979492,181.63185150146484,91070300,2.395857954640835,1.2463226614694412,2024-04-11
175.7202911376953,170.91795272827147,176.21619903564454,181.57825332641602,101593300,2.416526423139551,1.2463226614694412,2024-04-12
171.87841796875,170.92143707275392,175.93887145996095,181.49954711914063,73531800,2.3636925246352956,1.2463226614694412,2024-04-15
168.583984375,170.7054573059082,175.61573425292968,181.40268325805664,73711200,2.318387080528461,1.2463226614694412,2024-04-16
167.21046447753906,170.3033561706543,175.2287454223633,181.27724044799805,50901200,2.2994982709127214,1.2463226614694412,2024-04-17
166.2549591064453,169.7245880126953,174.790439453125,181.15450508117675,43122900,2.2863580469707383,1.2463226614694412,2024-04-18
164.2245635986328,169.40758514404297,174.3093389892578,181.0272190093994,67772100,2.2584358055364353,1.2463226614694412,2024-04-19
165.06060791015625,169.08709793090821,173.86662902832032,180.90173393249512,48116400,2.2699331867246375,1.2463226614694412,2024-04-22
166.11561584472656,168.8905242919922,173.42969177246093,180.78712516784668,49537800,2.284441781799257,1.2463226614694412,2024-04-23
168.2256622314453,168.8561866760254,173.06879608154296,180.6933275604248,48251800,2.3134593916298734,1.2463226614694412,2024-04-24
169.09158325195312,168.68599014282228,172.76722045898438,180.6064867401123,50558300,2.325367640887037,1.2463226614694412,2024-04-25
168.5043487548828,168.5775032043457,172.4716162109375,180.5083324432373,44838400,2.3172919219728367,1.2463226614694412,2024-04-26
172.68460083007812,168.75018768310548,172.26538970947266,180.4272625732422,68169400,2.374779247595224,1.2463226614694412,2024-04-29
169.52951049804688,168.82433853149413,172.0269155883789,180.32967376708984,65934800,2.331390068659872,1.2463226614694412,2024-04-30
168.5043487548828,168.8069206237793,171.78286804199217,180.210601272583,50383100,2.3172919219728367,1.2463226614694412,2024-05-01
172.21682739257812,169.01643142700195,171.59794128417968,180.11138008117675,94214900,2.368346371434805,1.2463226614694412,2024-05-02
182.5181884765625,169.70318908691405,171.57823455810546,180.0568746185303,163224100,2.5100119189511303,1.2463226614694412,2024-05-03
180.8560333251953,170.3630729675293,171.56211059570313,180.00382354736328,78569700,2.4871537628632323,1.2463226614694412,2024-05-06
181.54278564453125,170.99658203125,171.58679382324217,179.9601049041748,77305800,2.496598062750758,1.2463226614694412,2024-05-07
181.88119506835938,171.7410675048828,171.58898376464845,179.91406326293946,45057100,2.501251909550268,1.2463226614694412,2024-05-08
183.70260620117188,172.21532974243163,171.65168823242186,179.8728161621094,48983000,2.5263001729087264,1.2463226614694412,2024-05-09
182.43685913085938,172.55115814208983,171.70241455078124,179.82087821960448,50759500,2.5088934680790334,1.2463226614694412,2024-05-10
185.65602111816406,173.24003829956055,171.83922180175782,179.79138092041015,72044800,2.5531637680672823,1.2463226614694412,2024-05-13
186.80215454101562,174.15094680786132,172.08972290039063,179.75467681884766,52393600,2.568925531736305,1.2463226614694412,2024-05-14
189.0845184326172,175.24464950561523,172.48500366210936,179.72631118774413,70400000,2.6003128724672218,1.2463226614694412,2024-05-15
189.2041015625,176.39210662841796,172.90258178710937,179.7027072906494,52845200,2.6019573939465146,1.2463226614694412,2024-05-16
189.23399353027344,177.642578125,173.32314666748047,179.6942723083496,41282900,2.6023684718561655,1.2463226614694412,2024-05-17
190.40008544921875,178.90955200195313,173.7325961303711,179.6986570739746,44361300,2.618404707146333,1.2463226614694412,2024-05-20
191.70570373535156,180.18905639648438,174.1279476928711,179.75507446289063,42309400,2.63635972569625,1.2463226614694412,2024-05-21
190.2605438232422,181.29080047607422,174.48484100341796,179.81983070373536,34648500,2.616485714045895,1.2463226614694412,2024-05-22
186.2540283203125,182.1489227294922,174.8034063720703,179.85984535217284,51005900,2.5613876345078803,1.2463226614694412,2024-05-23
189.3436279296875,183.1908866882324,175.1465399169922,179.92328880310058,36294600,2.603876177206264,1.2463226614694412,2024-05-24
189.3535919189453,184.0243362426758,175.49743713378905,179.98787254333496,52280100,2.6040132031761476,1.2463226614694412,2024-05-28
189.65260314941406,185.03049087524414,175.83241760253907,180.05365348815917,53068000,2.6081252413167912,1.2463226614694412,2024-05-29
190.6492462158203,186.13773574829102,176.14035278320313,180.11612831115724,49947900,2.621831195756181,1.2463226614694412,2024-05-30
191.6060333251953,187.10719604492186,176.41586700439453,180.19336402893066,75158300,2.6349890463160355,1.2463226614694412,2024-05-31
193.38006591796875,187.6502899169922,176.8721759033203,180.283837890625,50080500,2.6593857543353074,1.2463226614694412,2024-06-03
193.69898986816406,188.2924377441406,177.31674865722655,180.38866287231446,47471400,2.6637716345750295,1.2463226614694412,2024-06-04
195.21389770507812,188.97599334716796,177.8200848388672,180.4986302947998,54156800,2.68460482801457,1.2463226614694412,2024-06-05
193.82855224609375,189.5733612060547,178.31840759277344,180.59497009277345,41181800,2.665553391864895,1.2463226614694412,2024-06-06
196.23048400878906,190.19975509643555,178.7931069946289,180.69642005920412,53103900,2.6985850442344157,1.2463226614694412,2024-06-07
192.4730987548828,190.70156707763672,179.2290872192383,180.75977455139162,97262100,2.6469130336248705,1.2463226614694412,2024-06-10
206.45611572265625,191.74157180786133,179.97359130859374,180.91657180786132,172373300,2.8392091524114877,1.2463226614694412,2024-06-11
212.35630798339844,193.01927947998047,180.85978759765624,181.09180114746093,198134300,2.9203493008108232,1.2463226614694412,2024-06-12
213.52236938476562,194.24117202758788,181.75318084716798,181.26501823425292,97862700,2.9363851164196126,1.2463226614694412,2024-06-13
211.77822875976562,195.36987838745117,182.62821319580078,181.41000747680664,70122700,2.912399486309992,1.236142173158121,2024-06-14
215.94422912597656,196.70539016723632,183.5714370727539,181.55830528259278,93728300,2.9696908207289012,1.2604589727471254,2024-06-17
213.5721893310547,197.86399536132814,184.4897137451172,181.69365089416505,79943300,2.9370702462690312,1.2466134587673174,2024-06-18
208.97763061523438,198.72759170532225,185.29181427001953,181.79813163757325,86172500,2.873885326260302,1.21979517896142,2024-06-20
206.7949981689453,199.55431442260743,186.08788452148437,181.8905078125,246421400,2.843869504272355,1.2070552291036765,2024-06-21
207.44281005859375,200.61375350952147,186.75239349365233,182.0198260498047,80727000,2.8527782907216825,1.2108364846262922,2024-06-24
208.36968994140625,201.56505661010743,187.40538146972656,182.18033409118652,56713900,2.8655248535311975,1.2162466503421274,2024-06-25
212.5356903076172,202.72416152954102,188.21852691650392,182.3585947418213,66213200,2.9228161879501067,1.2405634499311318,2024-06-26
213.3828582763672,203.91067428588866,189.11450439453125,182.5352340698242,49772700,2.9344665430005525,1.2455083399703648,2024-06-27
209.91448974609375,204.87393646240236,189.96858489990234,182.7097201538086,82542700,2.8867691248803893,1.225263593201853,2024-06-28
216.02395629882812,206.09483261108397,190.96396484375,182.9251276397705,60402900,2.970787238328659,1.2609243374887498,2024-07-01
219.5321807861328,207.40243835449218,192.0701171875,183.1504818725586,58046200,3.0190327603283573,1.281401722095563,2024-07-02
220.80789184570312,208.75788345336915,193.18506286621093,183.38583824157715,37369800,3.0365764911279345,1.2888480032866667,2024-07-03
225.5818328857422,210.27628021240236,194.37438720703125,183.6303719329834,60412400,3.102228298275948,1.3167133314949635,2024-07-05
227.056884765625,211.9376968383789,195.55101165771484,183.87682083129883,59085900,3.1225133878359546,1.325323158137662,2024-07-08
227.9139862060547,213.5218719482422,196.7274597167969,184.14532501220702,48076100,3.1343003491749064,1.3303260295064259,2024-07-09
232.19960021972656,215.50819702148436,198.00136474609374,184.4430005645752,62627700,3.1932366247544866,1.3553410098054004,2024-07-10
226.80772399902344,216.52577743530273,199.08382720947264,184.70944808959962,64710600,3.1190868992261076,1.3238688153881912,2024-07-11
229.76776123046875,217.39635009765624,200.2885922241211,184.98429260253906,53046500,3.159793684634625,1.3411464500031187,2024-07-12
233.61483764648438,218.40097351074218,201.59080200195314,185.29882263183595,62631300,3.212699138813812,1.3636017015606026,2024-07-15
234.03343200683594,219.51373367309571,202.8271340942383,185.62304000854493,43234300,3.2184556984337487,1.3660450223179201,2024-07-16
228.1133270263672,220.12218856811523,203.73903686523437,185.91636627197266,57345900,3.1370417079353348,1.3314895749580204,2024-07-17
223.42906188964844,220.61503219604492,204.59049743652344,186.18368995666503,66034600,3.0726231345162747,1.3041476818859012,2024-07-18
223.5586395263672,221.34408264160157,205.43081451416015,186.43905403137208,49151500,3.0744051016468292,1.3049040220554469,2024-07-19
223.20980834960938,222.16482315063476,206.25738677978515,186.699375,48201800,3.0696079336567674,1.3028679065801785,2024-07-22
224.2563018798828,223.00549774169923,207.06846069335938,186.95867416381836,39960300,3.083999437626953,1.3089762530059839,2024-07-23
217.80795288085938,223.47741088867187,207.77588256835938,187.179527053833,61777600,2.9953209723178156,1.2713374636383716,2024-07-24
216.76148986816406,223.6887008666992,208.3979919433594,187.38234153747558,51391200,2.9809298880290074,1.2652292953426107,2024-07-25
217.2299041748047,223.88105316162108,209.00654693603516,187.5800525665283,41601300,2.987371577498362,1.2679634133978046,2024-07-26
217.50897216796875,224.26077728271486,209.5750360107422,187.782137298584,36311800,2.991209353858549,1.2695923235910238,2024-07-29
218.06710815429688,224.3629348754883,210.15229614257814,187.98001388549804,41643800,2.998884906578924,1.2728501439774622,2024-07-30
221.3361053466797,224.45313110351563,210.79433837890625,188.18971855163574,50036300,3.04384054625728,1.291931167164335,2024-07-31
217.62855529785156,224.29416427612304,211.3389077758789,188.39011772155763,62501000,2.9928538753378424,1.2702903261709495,2024-08-01
219.12355041503906,223.97125015258788,211.88726470947265,188.59863731384277,105568600,3.013413226678305,1.2790165607978208,2024-08-02
208.5690155029297,223.04685668945314,212.2534341430664,188.76217712402342,119548600,2.8682660024509383,1.2174101067287006,2024-08-05
206.5358428955078,221.9779495239258,212.6590704345703,188.92205337524413,69660500,2.8403055700112465,1.205542548764586,2024-08-06
209.11717224121094,220.823828125,213.05454132080078,189.09672233581543,63516400,2.87580431936074,1.2206096785905416,2024-08-07
212.59547424316406,220.11321563720702,213.51937896728515,189.30158897399903,47161100,2.923638343769409,1.2409124066885842,2024-08-08
215.51568603515625,219.4006118774414,214.036640625,189.52046112060546,42201600,2.9637974449797695,1.257957581595255,2024-08-09
217.0522918701172,218.57248458862304,214.56470153808593,189.74483238220216,38028100,2.9849290318789956,1.2669266965379944,2024-08-12
220.78408813476562,217.91001739501954,215.14826263427733,189.99947731018065,44155300,3.0362491396531732,1.288709061851847,2024-08-13
221.23309326171875,217.5660057067871,215.70532318115235,190.27726417541504,41960600,3.0424239117661855,1.2913298891986495,2024-08-14
224.22650146484375,217.6058776855469,216.31587341308594,190.5634164428711,46414000,3.083589618761435,1.308802309017392,2024-08-15
225.5535888671875,217.70562515258788,216.92266723632812,190.84592956542969,44340200,3.101839883160703,1.3165484721386485,2024-08-16
225.3939208984375,217.8148307800293,217.553974609375,191.12526168823243,40687800,3.099644110191541,1.3156164957450869,2024-08-19
226.0125732421875,217.90264434814452,218.14961639404297,191.3918035888672,30299000,3.1081518910842876,1.3192275480100486,2024-08-20
225.90281677246094,218.3073875427246,218.81821075439453,191.63992752075194,34765500,3.106642507008678,1.3185869033044975,2024-08-21
224.0369110107422,218.67115859985353,219.16982666015625,191.88328857421874,43695300,3.0809823482012444,1.30769567611506,2024-08-22
226.3418426513672,219.12675552368165,219.44953735351564,192.12536811828613,38677300,3.1126800433111175,1.3211494821267025,2024-08-23
226.68109130859375,219.5853614807129,219.71271179199218,192.35628807067872,30602200,3.1173454313485194,1.3231296647679536,2024-08-26
227.52923583984375,220.05846786499023,220.02773193359374,192.58613777160645,35934600,3.1290092162030576,1.328080254968615,2024-08-27
225.99261474609375,220.29129333496093,220.2286996459961,192.8106867980957,38052200,3.1078774194631427,1.3191110509608535,2024-08-28
229.28536987304688,220.8741340637207,220.54296325683595,193.03067588806152,51906300,3.153159781094192,1.338330748387479,2024-08-29
228.49710083007812,221.34281158447266,220.9333526611328,193.2546759033203,52990800,3.1423194111030894,1.3337296493344029,2024-08-30
222.28079223632812,222.02840042114258,221.24306854248047,193.43447311401368,50190600,3.056831993150799,1.2974452717612182,2024-09-03
220.36500549316406,222.7198585510254,221.50151245117186,193.60185852050782,43840200,3.0304858651311912,1.286262891013815,2024-09-04
221.8916473388672,223.35858230590821,221.77195159912108,193.768427734375,36615400,3.0514804260605337,1.295173846496979,2024-09-05
220.33506774902344,223.74556198120118,221.92793914794922,193.92731338500977,48423000,3.0300741576994734,1.2860881454400224,2024-09-06
220.4248809814453,223.99102172851562,222.06877960205077,194.07790077209472,67180000,3.0313092799946273,1.2866123821614008,2024-09-09
219.62661743164062,224.1197380065918,222.26302215576172,194.22852264404298,51591000,3.020331464352263,1.2819529455187049,2024-09-10
222.17103576660156,224.1890853881836,222.38596374511718,194.38853668212892,44587100,3.0553226090751893,1.296804627055667,2024-09-11
222.28079223632812,224.24147033691406,222.4409359741211,194.55575935363768,37498200,3.0568319931507992,1.2974452717612184,2024-09-12
222.01136779785156,224.13071365356444,222.46500549316406,194.72252967834473,36766600,3.0531268361060278,1.2958726506621057,2024-09-13
215.84495544433594,223.64528198242186,222.27026794433593,194.85543601989747,59357400,2.9683255972066003,1.259879515711909,2024-09-16
216.31390380859375,223.1912811279297,222.05540832519532,194.99580642700195,45519300,2.9747746311000687,1.2626167510428843,2024-09-17
220.20535278320312,222.90092010498046,221.9012356567383,195.1527513885498,59894900,3.0282903020027194,1.285331003685276,2024-09-18
228.3673858642578,223.0241485595703,221.8245913696289,195.34409492492676,66781300,3.140535555406335,1.3329725075796566,2024-09-19
227.6988525390625,223.20724563598634,221.84241394042968,195.5410919189453,318679900,3.1313418053014144,1.3290703017567294,2024-09-20
225.97265625,223.18878631591798,221.7665118408203,195.70962684631348,54146000,3.1076029478419978,1.318994553911658,2024-09-23
226.8706817626953,223.19826583862306,221.63162872314453,195.88811912536622,43556100,3.1199527019087103,1.3242362976702853,2024-09-24
225.8728790283203,223.11544799804688,221.46841766357423,196.0519305419922,42308700,3.1062307995769607,1.3184121577307044,2024-09-25
227.02035522460938,223.16683502197264,221.44655822753907,196.2143224334717,36636700,3.122011029226611,1.325109936474227,2024-09-26
227.2897491455078,223.0670539855957,221.52377197265625,196.39063568115233,34026000,3.1257157665900044,1.326682379443295,2024-09-27
232.48831176757812,223.2666145324707,221.70236541748048,196.58533744812013,54541900,3.1972070204300893,1.357026209092726,2024-09-30
225.71322631835938,223.43823623657227,221.75243377685547,196.73001075744628,63285000,3.104035236448488,1.3174802704021653,2024-10-01
226.28196716308594,223.73408432006835,221.79294708251953,196.87678215026855,32880600,3.111856628447682,1.3207999909791164,2024-10-02
225.17440795898438,223.89822235107422,221.94027618408202,197.02069961547852,34044200,3.0966253420403222,1.3143352063339844,2024-10-03
226.30194091796875,224.1965660095215,222.13108520507814,197.1786047363281,37245100,3.112131309909516,1.3209165770933338,2024-10-04
221.2031707763672,224.23548049926757,222.21055053710938,197.30579734802245,39505400,3.042012414175158,1.2911552326898788,2024-10-07
225.27420043945312,224.5178596496582,222.36585510253906,197.4638321685791,31855700,3.097997700146049,1.3149176915799605,2024-10-08
229.03591918945312,224.8611038208008,222.5852313232422,197.64142112731935,33591100,3.1497293055112556,1.3368747134025836,2024-10-09
228.53700256347656,225.1739143371582,222.72924926757813,197.82188316345216,28183500,3.1428681445046918,1.333962554367771,2024-10-10
227.05029296875,225.4258605957031,222.9176840209961,197.99764533996583,31759200,3.1224227366583284,1.3252846820480195,2024-10-11
230.79205322265625,226.17321548461913,223.15105407714844,198.19161926269533,39882100,3.1738798704023896,1.3471252068214474,2024-10-14
233.33645629882812,227.02434310913085,223.6464028930664,198.39617797851562,64751400,3.2088708052846275,1.3619767992933876,2024-10-15
231.27099609375,227.5776252746582,224.14110595703124,198.59562812805177,34082200,3.1804663499471197,1.3499207797420427,2024-10-16
231.6401824951172,227.74126510620118,224.5915661621094,198.83116859436035,32993800,3.1855434454162395,1.3520757079570866,2024-10-17
234.4839324951172,228.0805191040039,225.02933532714843,199.08783630371093,46431500,3.224651034934277,1.3686745780369096,2024-10-18
235.96067810058594,228.5799201965332,225.43823516845703,199.36351791381836,36254500,3.2449594168107563,1.3772942908970858,2024-10-21
235.342041015625,229.00348815917968,225.8040301513672,199.6397346496582,38846600,3.2364518457586993,1.3736833276971465,2024-10-22
230.25323486328125,229.22250595092774,225.9934130859375,199.8687380218506,52287000,3.1664699759942248,1.3439801427532667,2024-10-23
230.06365966796875,229.3746711730957,226.1700244140625,200.0988809967041,31109500,3.163862915274723,1.342873598915957,2024-10-24
230.9018096923828,229.55527420043944,226.30353057861328,200.32799598693848,38802300,3.175389254478,1.3477658515269986,2024-10-25
232.88743591308594,229.57523040771486,226.45020751953126,200.5700213623047,36087100,3.202695823330927,1.3593558828815626,2024-10-28
233.15684509277344,229.94741134643556,226.60546600341797,200.81175354003906,35417200,3.2064007705350095,1.3609284149156529,2024-10-29
229.59469604492188,230.11304779052733,226.67710845947266,201.04705657958985,47070900,3.1574136715405663,1.3401362745199592,2024-10-30
225.4138946533203,230.12502212524413,226.66733001708985,201.26617736816405,64370100,3.0999187916533764,1.315733081859304,2024-10-31
222.4204864501953,229.93094940185546,226.63500152587892,201.44075859069824,65276700,3.058753084658127,1.2982606620405617,2024-11-01
221.52244567871094,229.94691314697266,226.53861358642578,201.59628707885742,44944500,3.0464031207507256,1.2930188292169122,2024-11-04
222.95928955078125,229.83116760253907,226.46417755126953,201.74741928100585,28111300,3.0661627692256035,1.3014056370437204,2024-11-05
222.23089599609375,229.49091644287108,226.35821075439452,201.88849800109864,54561100,3.0561458140979365,1.29715402913823,2024-11-06
226.98043823242188,229.41308822631837,226.3779672241211,202.0567041015625,42137700,3.1214620859843203,1.3248769423758364,2024-11-07
226.7107391357422,229.39611053466797,226.326474609375,202.22520195007326,38328800,3.1177531518071477,1.323302718106322,2024-11-08
223.98373413085938,229.05569458007812,226.23620727539063,202.38876258850098,42005600,3.0802510534002585,1.3073852845122729,2024-11-11
223.98373413085938,228.5880584716797,226.27026611328125,202.55575256347657,40398300,3.0802510534002585,1.3073852845122729,2024-11-12
224.8727569580078,228.26814651489258,226.36042114257813,202.7455274963379,48566200,3.092477001460491,1.3125744799077308,2024-11-13
227.9693603515625,228.08460540771483,226.48197540283203,202.96887687683105,44923900,3.1350618610351018,1.3306492464724267,2024-11-14
224.7528839111328,227.59805297851562,226.57033172607422,203.16391731262206,47923700,3.090828493008108,1.3118747850923813,2024-11-15
227.7695770263672,227.1884979248047,226.71722564697265,203.3790609741211,44686000,3.132314416894693,1.3294831181351847,2024-11-18
228.02928161621094,226.82285995483397,226.88527893066407,203.58640785217284,36211800,3.135885905420604,1.3309990048150793,2024-11-19
228.7484893798828,226.74762268066405,227.01682800292969,203.78929901123047,35169600,3.145776536453524,1.3351969955771328,2024-11-20
228.26902770996094,226.65789108276368,227.13659271240235,203.98924621582032,42108300,3.1391829223253698,1.3323983944457787,2024-11-21
229.61753845214844,226.59367752075195,227.2887161254883,204.2013533782959,38168300,3.157727803051922,1.3402696048583733,2024-11-22
232.61424255371094,226.58001785278321,227.6241018676758,204.42461219787597,90152800,3.1989388356359836,1.3577612627219369,2024-11-25
234.8018341064453,226.6622673034668,227.99386047363282,204.6672691345215,45986200,3.2290228558478384,1.3705301587119347,2024-11-26
234.67198181152344,226.91613159179687,228.28319305419922,204.91977722167968,33498400,3.227237111584883,1.3697722153719876,2024-11-27
237.06935119628906,227.4989044189453,228.45723236083984,205.188701171875,28481400,3.260206021588408,1.3837655772888473,2024-11-29
239.3268585205078,228.34422302246094,228.68979248046875,205.47035583496094,48137100,3.2912515318370277,1.3969425692111177,2024-12-02
242.3834991455078,229.38727569580078,229.0180093383789,205.7750072479248,38861000,3.3332868186472813,1.414784074482356,2024-12-03
242.74310302734375,230.3764663696289,229.33545776367188,206.08518913269043,44383900,3.338232134163741,1.4168830698633827,2024-12-04
242.7730712890625,231.40357513427733,229.67346160888673,206.39173866271972,40033900,3.338644261276837,1.4170579935672203,2024-12-05
242.5732879638672,232.1832176208496,229.98452026367187,206.6870874786377,36870600,3.3358968171364283,1.4158918652299781,2024-12-06
246.47900390625,233.171630859375,230.36830535888672,207.01117134094238,44649200,3.3896086890832464,1.4386893936682397,2024-12-09
247.4978790283203,234.34733810424805,230.66849670410156,207.34711761474608,36914800,3.4036203814064345,1.444636532403645,2024-12-10
246.2192840576172,235.45911560058593,231.07861785888673,207.66935554504394,45205800,3.3860369907166463,1.4371734179233229,2024-12-11
247.68768310546875,236.599861907959,231.50673217773436,208.0049570465088,32777500,3.4062305897362704,1.4457444122162895,2024-12-12
247.85748291015625,237.59426803588866,231.9603936767578,208.3447417449951,33155300,3.4085656969228944,1.4467355277846718,2024-12-13
250.7642822265625,238.89483795166015,232.4496405029297,208.70448486328124,51694800,3.448540348167669,1.463702414536723,2024-12-16
253.20159912109375,240.16643905639648,233.0896090698242,209.09910736083984,51356400,3.482058621094862,1.4779289486820177,2024-12-17
247.77757263183594,241.15385360717772,233.53967651367188,209.49139282226562,56774100,3.407466761234868,1.4462690942627792,2024-12-18
249.51565551757812,242.1922119140625,233.94927124023437,209.89734512329102,60882300,3.431369084590976,1.4564142237602382,2024-12-19
254.21051025390625,243.48928604125976,234.46274139404298,210.32736892700194,147495300,3.4959332874481666,1.4838179279578478,2024-12-20
254.98965454101562,244.7578918457031,235.0215286254883,210.7526791381836,40858800,3.5066481727072776,1.4883657661275762,2024-12-23
257.91644287109375,246.02300186157225,235.56401641845704,211.1825707244873,23234700,3.546897715254576,1.5054493280588674,2024-12-24
258.7355041503906,247.21968536376954,236.07199737548828,211.61416885375976,27237100,3.5581615437559773,1.510230160326986,2024-12-26
255.30929565429688,248.2515510559082,236.55276336669922,212.03908653259276,42355300,3.5110439154593798,1.4902315002151456,2024-12-27
