Price,Close,High,Low,Open,Volume
Ticker,AAPL,AAPL,AAPL,AAPL,AAPL
Date,,,,,
2020-01-02,72.716064453125,72.77659055848162,71.4668047519516,71.72101143907315,135480400
2020-01-03,72.00910949707031,72.77173687491619,71.78395417961447,71.9413205610049,146322800
2020-01-06,72.58290100097656,72.62163859417052,70.87606782262263,71.12785848416316,118387200
2020-01-07,72.2415542602539,72.84923143823697,72.02123831231323,72.59260129853506,108872000
2020-01-08,73.40364837646484,73.70627893727402,71.943758846659,71.943758846659,132079200
2020-01-09,74.96281433105469,75.15649496744561,74.13239770457567,74.38418105419532,170108400
2020-01-10,75.13227081298828,75.69880172853615,74.62869680726308,75.19764374317383,140644800
2020-01-13,76.7374038696289,76.76403919399131,75.33077798259308,75.44941415548828,121532000
2020-01-14,75.70122528076172,76.88511970700802,75.57775702296071,76.67448999643469,161954400
2020-01-15,75.37679290771484,76.38394823058523,74.94342390604251,75.5002685322302,121923600
2020-01-16,76.32101440429688,76.4323877854954,75.55838676505513,75.92154348740286,108829200
2020-01-17,77.16596984863281,77.16838586948856,76.26291740491921,76.57038745969639,137816400
2020-01-21,76.64300537109375,77.23615682397768,76.50500406521856,76.79310894375465,110843200
2020-01-22,76.91659545898438,77.4710093927943,76.82217116630478,77.12964119289799,101832400
2020-01-23,77.28699493408203,77.3668861399878,76.42025699227077,76.96983874202517,104472000
2020-01-24,77.06425476074219,78.27961624864055,76.87299020657808,77.53393791090298,146537600
2020-01-27,74.79817199707031,75.48090092368226,73.81280512269632,75.06690438729518,161940000
2020-01-28,76.9141616821289,77.08605376922371,75.58258723533865,75.6818509443487,162234000
2020-01-29,78.52416229248047,79.37395133976464,77.80753513570895,78.5507976259598,216229200
2020-01-30,78.41036224365234,78.46362551493233,77.17078871761717,77.60415772537527,126743200
2020-01-31,74.9337387084961,78.12224966790679,74.63837103116171,77.69856694811635,199588400
2020-02-03,74.72796630859375,75.89732764326911,73.16881293673191,73.67238698147514,173788400
2020-02-04,77.19500732421875,77.3862719133486,75.93122176752728,76.33795548064964,136616400
2020-02-05,77.82450103759766,78.62586640904246,77.21923973660046,78.32565177960619,118826800
2020-02-06,78.73478698730469,78.73721039613278,77.53637437960353,78.09563507421905,105425600
2020-02-07,77.66455078125,78.4823777284415,77.17191276643283,78.23241868458796,117684000
2020-02-10,78.033447265625,78.033447265625,76.1648229834898,76.24490381310511,109348800
2020-02-11,77.56262969970703,78.60372465740163,77.3442200863521,78.53092392160836,94323200
2020-02-12,79.40457916259766,79.40943007689862,78.01402569685219,78.01402569685219,113730400
2020-02-13,78.83914184570312,79.16676004463604,78.47027235558737,78.67412186901794,94747600
2020-02-14,78.85855102539062,79.10851012138082,78.34892359887368,78.80758309855572,80113600
2020-02-18,77.41461181640625,77.59662109183667,76.34924730268484,76.53125657811528,152531200
2020-02-19,78.5357894897461,78.76633753940254,77.65729255269991,77.65729255269991,93984000
2020-02-20,77.73007202148438,78.78572703430541,77.22287385707519,78.29551817542524,100566000
2020-02-21,75.97064971923828,77.76648004856685,75.35182129897947,77.32237337955563,129554000
2020-02-24,72.36202239990234,73.81809639904387,70.19004979476811,72.13876186738017,222195200
2020-02-25,69.91098022460938,73.41769559790279,69.4377605020185,73.03426594239946,230673600
2020-02-26,71.02001190185547,72.28922581008212,69.52753744829661,69.53481752247102,198054800
2020-02-27,66.37755584716797,69.4061923618355,66.24165620285358,68.21706677109698,320605600
2020-02-28,66.33872985839844,67.56426328843753,62.21561589566721,62.43160376696,426510000
2020-03-02,72.51492309570312,73.15317015362184,67.39682304876307,68.50343887480543,341397200
2020-03-03,70.21188354492188,73.77440915704527,69.3576488043323,73.69432835310232,319475600
2020-03-04,73.46865844726562,73.62882752036336,71.13651616592851,71.939783286025,219178400
2020-03-05,71.08552551269531,72.69448082569463,70.71907790652914,71.71648489537382,187572800
2020-03-06,70.14151763916016,70.5759151634938,68.24862422437134,68.43548440571074,226176800
2020-03-09,64.59386444091797,67.4865936042117,63.82456885051685,64.00657807727688,286744800
2020-03-10,69.24604797363281,69.51299644350358,65.37046275999084,67.25608395618609,285290000
2020-03-11,66.84107971191406,68.24619329059158,65.9747138459021,67.31673591637701,255598800
2020-03-12,60.24020767211914,65.52333058622261,60.18439253845632,62.11126440817364,418474000
2020-03-13,67.45748138427734,67.93070839286551,61.38565181622262,64.28324334840872,370732000
2020-03-16,58.779293060302734,62.873283657436204,58.242970742071286,58.71619413875295,322423600
2020-03-17,61.36381530761719,62.516536915107906,57.854675154192996,60.06548110830406,324056000
2020-03-18,59.861629486083984,60.6697510139483,57.54404425675361,58.187145839294104,300233600
2020-03-19,59.402976989746094,61.358969521399985,58.87636390068454,60.03636945225578,271857200
2020-03-20,55.63173294067383,61.113850430144076,55.33080966032288,59.985390906068666,401693200
2020-03-23,54.44989013671875,55.45215566699075,51.59598621533572,55.35023092369006,336752800
2020-03-24,59.9126091003418,60.10917855165599,56.859706000541046,57.35962428486816,287531200
2020-03-25,59.582557678222656,62.67186075528643,59.28648895944169,60.851767993758266,303602000
2020-03-26,62.717979431152344,62.77622003802829,59.786415821760485,59.82524536167027,252087200
2020-03-27,60.121299743652344,62.094277592448684,59.9538506329564,61.337120260245676,204216800
2020-03-30,61.837032318115234,62.0093360288493,60.52413810477868,60.84933076285512,167976400
2020-03-31,61.71084213256836,63.70080921944118,61.155108844211355,62.028754737466606,197002000
2020-04-01,58.463809967041016,60.3591327272743,58.031841560613465,59.82038494793416,176218400
2020-04-02,59.43937301635742,59.49276269917482,57.49066070248686,58.32547715782636,165934000
2020-04-03,58.585147857666016,59.62623930857482,57.99301040837071,58.92247157470053,129880000
2020-04-06,63.69596481323242,63.851275540137046,60.51929722354272,60.88816668017039,201820400
2020-04-07,62.95820617675781,65.93588200935402,62.85385599250536,65.71746500197477,202887200
2020-04-08,64.56961822509766,64.88509803559353,63.395052482452144,63.76149282104844,168895200
2020-04-09,65.03555297851562,65.54032952455171,64.2371442763535,65.20786042767898,161834800
2020-04-13,66.31204986572266,66.42125839971293,64.51136807094039,65.11321477612952,131022800
2020-04-14,69.66099548339844,69.95221321023672,67.47688475003459,67.9501117046532,194994800
2020-04-15,69.02519226074219,69.48628092008256,68.10301494206142,68.53255414367216,131154400
2020-04-16,69.57365417480469,69.94010189303526,68.52042803590564,69.74110330393147,157125200
2020-04-17,68.629638671875,69.63676274652339,67.18812439019051,69.08830567330986,215250000
2020-04-20,67.20511627197266,68.35784190926253,67.18570520408012,67.45265367496387,130015200
2020-04-21,65.1277847290039,67.28277618454192,64.41430762802233,67.0473771763136,180991600
2020-04-22,67.00367736816406,67.4404966317663,66.05723069304202,66.39940158614417,116862400
2020-04-23,66.74401092529297,68.37481424450658,66.7051813931717,66.94786041444767,124814400
2020-04-24,68.6708755493164,68.68058478279482,67.22208165212722,67.27062041354411,126161200
2020-04-27,68.71944427490234,69.05191345824856,67.93801727360125,68.38696768557772,117087600
2020-04-28,67.60551452636719,69.3649373275059,67.51330272470628,69.18292807221569,112004800
2020-04-29,69.82604217529297,70.29684010085327,68.89415555935265,69.0980050622793,137280800
2020-04-30,71.29908752441406,71.47624586127782,69.97649141267905,70.36720104938254,183064000
2020-05-01,70.15121459960938,72.56101509610286,69.36978798695081,69.46685809785768,240616800
2020-05-04,71.143798828125,71.27241844220069,69.48387483655323,70.17551168453589,133568000
2020-05-05,72.21156311035156,73.04637946818022,71.4592567243347,71.60486560646302,147751200
2020-05-06,72.95660400390625,73.58999276968885,72.5294865058915,72.91534530676655,142333600
2020-05-07,73.7113265991211,74.05836324243135,73.28178737986006,73.58513616899319,115215200
2020-05-08,75.46578216552734,75.51931637355732,74.04470105585122,74.3732060857613,133838400
2020-05-11,76.65328216552734,77.149682300424,74.76255653428882,74.97182937337452,145946400
2020-05-12,75.77725219726562,77.79207364909227,75.65558421726155,77.33946490194451,162301200
2020-05-13,74.8623046875,76.88199755928032,73.78189245874619,75.95731647939719,200622400
2020-05-14,75.32221984863281,75.38305384243762,73.37309631079928,74.0982401903213,158929200
2020-05-15,74.87689971923828,74.92313414173562,73.05188017652294,73.08595077247826,166348400
2020-05-18,76.6410903930664,77.01582984347145,75.51201542213853,76.20552437986748,135178400
2020-05-19,76.1982192993164,77.50736040977804,76.16658443916718,76.65812036126512,101729600
2020-05-20,77.68012237548828,77.7506844400657,77.0206767368224,77.05961137211806,111504800
2020-05-21,77.10099029541016,78.08406952411508,76.86251841252941,77.54142773114201,102688800
2020-05-22,77.59740447998047,77.68013781166567,76.73599313969208,76.83819007988166,81803200
2020-05-26,77.07180786132812,78.89925602718259,77.01583791238306,78.71918977774382,125522000
2020-05-27,77.40757751464844,77.55358053594881,76.18603400268027,76.92821293344798,112945200
2020-05-28,77.44166564941406,78.70457981685169,76.80412665218442,77.08152577208277,133560800
2020-05-29,77.36621856689453,78.1473247460618,77.00851448794498,77.68498800975172,153532400
2020-06-01,78.31766510009766,78.43933305662227,77.18858289905835,77.3199863713913,80791200
2020-06-02,78.68025970458984,78.70459478928636,77.60714707589307,78.05002036888385,87642800
2020-06-03,79.11338806152344,79.37619506332315,78.4271788552984,79.00145559647322,104491200
2020-06-04,78.43205261230469,79.23505835292487,78.05731313453714,78.93575985874213,87560400
2020-06-05,80.66584777832031,80.72668175100381,78.65346263531809,78.68266175404264,137250400
2020-06-08,81.14279174804688,81.17686234047467,79.6487130986334,80.36168554392373,95654400
2020-06-09,83.70513153076172,84.09933458379527,80.7899715861673,80.82160644800746,147712400
2020-06-10,85.85865020751953,86.32828677869298,84.2161326502249,84.65657009743241,166651600
2020-06-11,81.7365493774414,85.42552350785493,81.63435243044103,84.99968556796321,201662400
2020-06-12,82.44220733642578,84.63223063265221,81.32773208201846,83.88275926094929,200146000
2020-06-15,83.4617919921875,84.1163662672843,80.92866395631923,81.09170230417108,138808800
2020-06-16,85.67372131347656,85.94626382585014,83.88277221688082,85.52285420682057,165428800
2020-06-17,85.55448913574219,86.48159854763982,85.43282115595484,86.42076455774615,114406400
2020-06-18,85.58856201171875,86.00710017036369,84.97778636060843,85.51069272033729,96820400
2020-06-19,85.09944152832031,86.76385839432308,83.98739454869698,86.2966575684398,264476000
2020-06-22,87.32598114013672,87.469548475875,85.44742709501291,85.49366152486377,135445200
2020-06-23,89.18993377685547,90.61345070235802,88.15332015682368,88.57429406296431,212155600
2020-06-24,87.61552429199219,89.73984939011008,87.2407849235748,88.81760424211798,192623200
2020-06-25,88.7786865234375,88.81762116630449,87.00963685193202,87.77127955859044,137522400
2020-06-26,86.0509033203125,88.89550150488402,85.90246451179942,88.67406487318402,205256800
2020-06-29,88.0340805053711,88.12898509123728,85.47905300682135,85.9584251297807,130646000
2020-06-30,88.76895141601562,89.0560934802323,87.60094182870904,87.62040543722048,140223200
2020-07-01,88.6010513305664,89.39189318717276,88.55238859500506,88.84682302233178,110737200
2020-07-02,88.6010513305664,90.14867187148857,88.48669056028642,89.51113285524976,114041600
2020-07-06,90.97116088867188,91.44079756476127,90.00268097997908,90.03431584668381,118655600
2020-07-07,90.68888092041016,92.1318614031436,90.57694845637647,91.35075503882443,112424400
2020-07-08,92.80104064941406,92.83267551468656,91.58192502451845,91.6695298380442,117092000
2020-07-09,93.20011138916016,93.7500456266075,92.14889822617897,93.69651141665871,125642800
2020-07-10,93.3631362915039,93.42154196968667,92.18052712914378,92.79373105488341,90257200
2020-07-13,92.93243408203125,97.29058186234049,92.71829725665447,94.67228464918172,191649200
2020-07-14,94.47032928466797,94.66255936029044,91.37509535164902,92.31193292486347,170989200
2020-07-15,95.12002563476562,96.60194074558854,93.91794539378512,96.35130500289155,153198000
2020-07-16,93.9495849609375,94.80856064892015,93.34854481035306,93.98851960775556,110577600
2020-07-17,93.75977325439453,94.55791486444917,93.2852651867788,94.40218371971898,92186800
2020-07-20,95.73564910888672,95.87435236536639,93.50182714820313,93.84736742164009,90318000
2020-07-21,94.41434478759766,96.60436824916565,94.16370906625916,96.52893470179353,103433200
2020-07-22,94.6795883178711,95.36336177523553,94.02744972364847,94.11504710524962,89001600
2020-07-23,90.37010955810547,94.48978555792418,89.55736834691913,94.41191626887031,197004400
2020-07-24,90.146240234375,90.49178057488463,86.76873582504383,88.56212813927338,185438800
2020-07-27,92.28272247314453,92.37519132147816,90.98818087454525,91.212045787962,121214000
2020-07-28,90.7667465209961,92.02966071554671,90.7618750492638,91.85202279586937,103625600
2020-07-29,92.506591796875,92.69152948751328,91.21447855018052,91.25097745595819,90329200
2020-07-30,93.62593841552734,93.73057108721883,91.26801256876887,91.67681516469625,158130000
2020-07-31,103.42752075195312,103.57838786224833,98.13739181757805,100.142485220989,374336800
2020-08-03,106.03365325927734,108.6616788722299,105.01651064537003,105.31580914804157,308151200
2020-08-04,106.74175262451172,107.83676443958547,105.49830201297321,106.22344584387962,173071600
2020-08-05,107.12865447998047,107.44985972369943,105.99470803547494,106.46191633779561,121776800
2020-08-06,110.86628723144531,111.36269464253704,106.87071514088169,107.46201970975673,202428800
2020-08-07,108.34565734863281,110.84434776897682,107.54607671169924,110.38605018937842,198045600
2020-08-10,109.92045593261719,110.94187256781626,107.26087294038835,109.79612844927841,212403600
2020-08-11,106.65140533447266,109.6815223337167,106.39056468339584,109.18178729591412,187902400
2020-08-12,110.1959228515625,110.45432345102633,107.55096573953472,107.74598253329141,165598000
2020-08-13,112.14611053466797,113.15290119524892,111.09056196029391,111.58055146808589,210082000
2020-08-14,112.04617309570312,112.13636854966511,110.23004849886146,111.97060352944233,165565200
2020-08-17,111.7536392211914,113.19678878679046,111.12470373878634,113.17240982775472,119561600
2020-08-18,112.68484497070312,113.11145065744996,111.16856617508924,111.50497642122994,105633600
2020-08-19,112.82623291015625,114.2450033462818,112.73116465257537,113.09438654850844,145538000
2020-08-20,115.32980346679688,115.4443778648386,112.85061167913358,112.86767769232154,126907200
2020-08-21,121.2730484008789,121.75815770513448,116.2805395387213,116.29272529875644,338054800
2020-08-24,122.72349548339844,125.57810257788931,120.85130757212758,125.4927725055599,345937600
2020-08-25,121.71671295166016,122.0628763223725,119.98835110470337,121.59239290506812,211495600
2020-08-26,123.37194061279297,123.83023825240734,121.96779591940656,123.03797045440116,163022400
2020-08-27,121.89708709716797,124.3104548230282,120.74890305425278,123.97648471809909,155552400
2020-08-28,121.69965362548828,123.29393490492009,121.47537761438699,122.87464209761984,187630000
2020-08-31,125.82675170898438,127.73795204194512,122.86245768919913,124.40311569012621,225702700
2020-09-01,130.8387451171875,131.44331646895694,127.27964057724809,129.45410665665014,151948100
2020-09-02,128.12796020507812,134.54411128513743,123.83753197784804,134.16382339626398,200119000
2020-09-03,117.86993408203125,125.6317192300971,117.49939923565937,123.74978578666541,257599600
2020-09-04,117.94795989990234,120.61972875413336,108.12871445358171,117.08012248988481,332607200
2020-09-08,110.01063537597656,116.02699258808728,109.87412215270822,111.11249423218894,231366600
2020-09-09,114.39860534667969,116.17328508893047,112.38990394594923,114.34010179191337,176940500
2020-09-10,110.66394805908203,117.49939194752987,109.69860244063993,117.36287872631232,182274400
2020-09-11,109.2110595703125,112.36063179376235,107.2608620779855,111.71706305037618,180860300
2020-09-14,112.48739624023438,113.0432022491566,109.9911457355189,111.8633336140555,140150100
2020-09-15,112.66291046142578,115.87098624147585,110.78096957645455,115.38343686650313,184642000
2020-09-16,109.33782196044922,113.11145686330157,109.25006664242188,112.36063408677491,154679000
2020-09-17,107.59239196777344,109.40607622888594,106.00298369138476,106.9878355070113,178011000
2020-09-18,104.17955780029297,108.11895805599245,103.44823366112779,107.65091477299849,287104900
2020-09-21,107.33885192871094,107.44611336612185,100.5326606648184,101.9368049804436,195713800
2020-09-22,109.0257797241211,110.0496363016209,106.44177420460605,109.874118243747,183055400
2020-09-23,104.45257568359375,109.31831612573531,104.11128518620949,108.84051984457511,150718700
2020-09-24,105.52519226074219,107.5046416144481,102.38537296614106,102.55113797500798,167743300
2020-09-25,109.48409271240234,109.64011209223098,104.98888662302512,105.72996379838419,149981400
2020-09-28,112.09735107421875,112.44838721832883,109.97163550795793,112.1461089873391,137672400
2020-09-29,111.24900817871094,112.43862979442277,110.74196012319106,111.69756013169471,99382200
2020-09-30,112.92618560791016,114.34008328098176,110.79072437109879,110.95648937570999,142675200
2020-10-01,113.88178253173828,114.78862465587767,112.94568863575778,114.71061497135939,116120400
2020-10-02,110.2056655883789,112.49715377159485,109.42559099443217,110.07890541970863,144712000
2020-10-05,113.5989990234375,113.74526531692963,110.72246082221426,111.07349695083026,106243800
2020-10-06,110.34217834472656,113.22846975785129,109.45483490950848,112.81892262806667,161498200
2020-10-07,112.21437072753906,112.6726683499166,111.28802241183179,111.76582617611366,96849000
2020-10-08,112.10710906982422,113.5015006370164,111.73656676842208,113.35523433064257,83477200
2020-10-09,114.05731201171875,114.08656378648601,112.0583564226003,112.4093925986349,100506900
2020-10-12,121.30229187011719,122.06286774169322,116.30978334982996,117.07035922140598,240226800
2020-10-13,118.08447265625,122.26764773624913,116.67058225869611,122.15063319268191,262330500
2020-10-14,118.17221069335938,119.96638868276364,116.64130607261743,117.98693956467062,150712000
2020-10-15,117.70417785644531,118.1819741959685,115.20792725389234,115.7637332845987,112559200
2020-10-16,116.05624389648438,118.52324985437662,115.85147406239771,118.25996903954183,115393800
2020-10-19,113.09195709228516,117.42139051387834,112.7799257876711,116.97284597845898,120639300
2020-10-20,114.5838394165039,116.0172355594113,112.7506492737219,113.3064551822562,124423700
2020-10-21,113.95979309082031,115.75397121203213,113.55024596366279,113.76476887802791,89946000
2020-10-22,112.86767578125,115.1006527218332,111.73655770574223,114.52534061393521,101988000
2020-10-23,112.17536163330078,113.64776283593191,111.43428449669388,113.49174346426179,82572600
2020-10-26,112.18511199951172,113.64776009630111,110.06914209886924,111.17100842634152,111850700
2020-10-27,113.69654083251953,114.35960844380001,111.68783929220581,112.6141803576438,92276800
2020-10-28,108.43098449707031,112.55565572913613,108.33347610413212,112.1851208602056,143937800
2020-10-29,112.4483871459961,114.01829672297495,109.40607637880336,109.57184881965813,146129200
2020-10-30,106.14925384521484,109.20131035012999,105.03764183054732,108.29446818664717,190272600
2020-11-02,106.06149291992188,107.92393519387548,104.64760263945637,106.39303037953306,122866900
2020-11-03,107.68991088867188,108.71376013684448,106.0224928792937,106.9293350359113,107624400
2020-11-04,112.08760070800781,112.71166332605715,109.55234539225575,111.29777308441078,138235500
2020-11-05,116.06602478027344,116.64133701911796,113.95981495393193,115.01291614739544,126387100
2020-11-06,115.93412780761719,116.43228070272636,113.43356362742085,115.57271619055545,114457900
2020-11-09,113.61918640136719,119.15753389571879,113.35545876212382,117.70213202617423,154515300
2020-11-10,113.27729034423828,114.85967074705178,111.48000948330214,112.86704412515682,138023400
2020-11-11,116.71556091308594,116.85230965844065,113.73638330100388,114.46896905922455,112295000
2020-11-12,116.44207000732422,117.7314207166171,115.81693072113664,116.84255382154495,103162300
2020-11-13,116.49092864990234,116.89140506897175,115.13320337049156,116.66674956497528,81581900
2020-11-16,117.50676727294922,118.18074115273141,115.40668645392178,116.15880460888832,91183000
2020-11-17,116.61788940429688,117.86816796066498,116.19787325311871,116.7741779499669,74271000
2020-11-18,115.28946685791016,117.03790584258053,115.26016461858715,115.85600165898173,76322100
2020-11-19,115.88529968261719,116.29554592271136,114.09778862645973,114.85967663013399,74113000
2020-11-20,114.6155014038086,116.01229880538133,114.5666668155957,115.88531993332893,73604300
2020-11-23,111.20652770996094,114.88899666218843,111.10885108956266,114.45921058973786,127959300
2020-11-24,112.4958724975586,113.16008391412161,109.97577558304761,111.26513373188881,113874200
2020-11-25,113.33589172363281,114.03917519557105,112.49585951573405,112.86704104383878,76499200
2020-11-27,113.88289642333984,114.76200083857178,113.52149221259015,113.86336408177817,46691300
2020-11-30,116.2857894897461,118.1612073576281,114.09779452496895,114.25408307341652,169410200
2020-12-01,119.87056732177734,120.60315308283555,117.22349166609008,118.20027268083436,127728200
2020-12-02,120.22221374511719,120.505481144647,118.0830608551581,119.18682076181041,89004200
2020-12-03,120.08545684814453,120.90594929961036,119.37240344911088,120.65198415652675,78967600
2020-12-04,119.4114761352539,120.00731313587139,118.69842273292154,119.7533479916129,78260400
2020-12-07,120.87665557861328,121.67761574577153,119.4114839958422,119.47008847443368,86712000
2020-12-08,121.49202728271484,122.07810188882368,120.23197880317792,121.48226483759503,82225500
2020-12-09,118.95238494873047,123.02555979189044,118.19049698695923,121.638532607525,115089200
2020-12-10,120.37848663330078,120.99386342394624,117.36023696350695,117.70210881817248,81312200
2020-12-11,119.56776428222656,119.90963613747431,117.75095104891274,119.58729662299177,86939800
2020-12-14,118.95238494873047,120.48593076857054,118.71795960331949,119.75334504344477,79184500
2020-12-15,124.9107666015625,124.9303063971683,121.2478374115688,121.45296055193862,157243700
2020-12-16,124.8423843383789,125.3893793448256,123.62140801881179,124.45167787791586,98208600
2020-12-17,125.71173095703125,126.57130313801186,125.06705182129579,125.90708420602752,94359800
2020-12-18,123.71910095214844,126.10244928345861,123.19163825002659,125.96570052204723,192541500
2020-12-21,125.25263214111328,125.33077641507083,120.58361982974765,122.11716580798591,121251600
2020-12-22,128.81788635253906,131.28914115354644,126.63965393544905,128.5541513025178,168904800
2020-12-23,127.91922760009766,129.35508174785957,127.74339929548835,129.09136164768518,88223700
2020-12-24,128.90582275390625,130.36123218201516,128.05602783585223,128.27092090321057,54930100
2020-12-28,133.51622009277344,134.1511218894807,130.41004823158806,130.87891392295424,124486200
2020-12-29,131.7384490966797,135.56742883965345,131.22075635748268,134.84462043635702,121047300
2020-12-30,130.6151580810547,132.83245515094322,130.3025810031429,132.43197135905453,96452100
2020-12-31,129.6090545654297,131.61145830727833,128.66157593984025,130.96677936325997,99116600
2021-01-04,126.40521240234375,130.50768895985888,123.81674167932394,130.419782261114,143301900
2021-01-05,127.96810150146484,128.68116251904047,125.44800418039256,125.89733009688544,97664900
2021-01-06,123.66048431396484,128.00716462914988,123.44559128213457,124.75448181589701,155088000
2021-01-07,127.88014221191406,128.5736631469173,124.8911953097295,125.37958571608625,109578200
2021-01-08,128.9839630126953,129.55049790853118,127.2062140390898,129.3551297410371,105158200
2021-01-11,125.98522186279297,127.14759375428018,125.51637110895247,126.1903524513776,100384500
2021-01-12,125.80940246582031,126.67873700583286,123.91444484041192,125.51636516935064,91951100
2021-01-13,127.85088348388672,128.39787854041427,125.5066146974837,125.77033487541826,88636800
2021-01-14,125.91683959960938,127.95830826895903,125.77031351003957,127.76295505402753,90221800
2021-01-15,124.18791198730469,127.19639868033592,124.05116326964382,125.78983192468574,111598500
2021-01-19,124.86193084716797,125.72150299180522,123.99259625706779,124.8130888108596,90757300
2021-01-20,128.96441650390625,129.41374239946222,125.56522221027927,125.67266873501019,104319500
2021-01-21,133.69203186035156,136.42702207412472,130.48819086563083,130.6933214660753,120150900
2021-01-22,135.8409423828125,136.60283037919487,131.88497630652225,133.1157150150256,114459400
2021-01-25,139.60154724121094,141.72116035187767,133.36967931189386,139.74807334283994,157611700
2021-01-26,139.83595275878906,140.9494823530756,138.08750665706705,140.2657387257932,98390600
2021-01-27,138.76153564453125,140.949530910091,137.1498526175353,140.09972112639457,140843800
2021-01-28,133.90689086914062,138.6931262527624,133.52594691185897,136.28047622181393,142621100
2021-01-29,128.8960418701172,133.56505438488097,127.18667492713263,132.67617999744974,177523800
2021-02-01,131.02542114257812,132.23663511827664,127.88994713431293,130.64447709526527,106239800
2021-02-02,131.85568237304688,133.14502563870852,131.48450079597174,132.57849082798725,83305400
2021-02-03,130.83006286621094,132.61757406703313,130.5077233148007,132.60779671715912,89880900
2021-02-04,134.199951171875,134.2097136169971,131.4649611835476,133.1352633782053,84183100
2021-02-05,133.78419494628906,134.42983740127244,132.9037842725981,134.3613683130723,75693800
2021-02-08,133.93093872070312,133.979853741386,131.98423434096625,133.07008212234413,71297200
2021-02-09,133.05050659179688,134.8798267734332,132.8939994307771,133.64723399056535,76774200
2021-02-10,132.44398498535156,134.00917580672544,131.4755214853653,133.510263582445,73046600
2021-02-11,132.1896514892578,133.42222921972905,130.85924373219854,132.94288597227373,64280000
2021-02-12,132.4244384765625,132.58096057062542,130.78100126920737,131.4266437121405,60145100
2021-02-16,130.29188537597656,133.05051647602303,129.90058012743768,132.54184204307595,80576300
2021-02-17,127.99298858642578,129.34296530729705,126.65280382407832,128.39407078998406,97918500
2021-02-18,126.88761901855469,127.17130227893666,124.63766222365031,126.38870666417387,96856700
2021-02-19,127.04411315917969,127.86584668005416,125.99740338670905,127.40607236333011,87668800
2021-02-22,123.25831604003906,126.89737227917206,122.86701830596542,125.22457427942261,103916400
2021-02-23,123.12137603759766,123.95287914625916,115.81391675875304,121.067072044615,158273000
2021-02-24,122.6224594116211,122.82788904485355,119.57035347401501,122.22138464103878,111039900
2021-02-25,118.35733795166016,123.70831567300634,117.91713263038818,121.96704845427313,148199500
2021-02-26,118.6214599609375,122.13334021289873,118.56276044849312,119.92251431654658,164560400
2021-03-01,125.00936126708984,125.1463143475527,120.11815849803577,121.05726853408818,116307900
2021-03-02,122.3974838256836,125.91914898981547,122.28987674743256,125.61589674931776,102260900
2021-03-03,119.404052734375,122.97463264092775,119.18883859473966,122.09421455304867,112966300
2021-03-04,117.51602935791016,120.91052510957414,116.0388915667448,119.10078166524289,178155000
2021-03-05,118.77798461914062,119.28667396527544,115.01175939727409,118.3475637840084,153766600
2021-03-08,113.82807922363281,118.36711510668628,113.68134163784862,118.29863856177148,154376600
2021-03-09,118.45516204833984,119.4040567156157,116.20521293027855,116.43998860707968,129525800
2021-03-10,117.36930847167969,119.51165027406911,116.8508346932734,119.04209897356596,111943300
2021-03-11,119.30622863769531,120.52902944875325,118.62146316885641,119.87361000523832,103026500
2021-03-12,118.39647674560547,118.53342985349681,116.56717132017769,117.78018776009442,88105100
2021-03-15,121.29205322265625,121.30183771867131,117.79973448364598,118.76819807777808,92403800
2021-03-16,122.8376693725586,124.45176782276737,122.00616637196116,122.96483796118252,115227900
2021-03-17,122.04530334472656,123.12136654730853,119.67795534298575,121.35075339157471,111932600
2021-03-18,117.9073486328125,120.49968794214433,117.70191898445727,120.20621275113163,121229700
2021-03-19,117.37909698486328,118.787765950923,117.07584476265258,117.2910589061766,185549500
2021-03-22,120.70510864257812,121.17466742071305,117.64321821066616,117.71169475504172,111912300
2021-03-23,119.87360382080078,121.53660985268937,119.48230608877304,120.64641478912513,95467100
2021-03-24,117.4769287109375,120.22579030818369,117.45736717972252,120.14752925655445,88530500
2021-03-25,117.96603393554688,119.0127585740185,116.41063491697949,116.93888575254493,98844700
2021-03-26,118.57254028320312,118.83666942036037,116.33236845038506,117.73125278394801,94071200
2021-03-29,118.74861907958984,119.91272771562944,118.10298420128883,119.00296371086384,80819200
2021-03-30,117.29106140136719,117.78018175127832,116.27369017794591,117.49649105272375,85671900
2021-03-31,119.49210357666016,120.83228856558793,118.51386287192022,119.00298322429019,118323800
2021-04-01,120.32360076904297,121.47792504243581,119.82469594439944,120.96924318486211,75089100
2021-04-05,123.16050720214844,123.41485187715786,120.39208419443258,121.17467974982267,88651200
2021-04-06,123.46376037597656,124.3637400471671,122.91594796105788,123.74745108038357,80171300
2021-04-07,125.11698150634766,125.13654303559613,122.417035203639,123.09202364516216,83466700
2021-04-08,127.52346801757812,127.5528140466846,125.72350857412272,126.14414494249527,88844600
2021-04-09,130.10601806640625,130.1451411281215,126.65282945773264,126.97565069226758,106686700
2021-04-12,128.38430786132812,129.9592758997672,127.78758046970171,129.6364546951069,91420000
2021-04-13,131.50489807128906,131.72990419313948,129.059296173719,129.5582085139557,91266500
2021-04-14,129.15713500976562,132.06251145593788,128.79519068086032,132.0038193946852,87222800
2021-04-15,131.57334899902344,132.06246925552537,130.73206156076947,130.90815261502829,89347100
2021-04-16,131.24078369140625,131.73968110440896,130.37992704769707,131.37773680047187,84922400
2021-04-19,131.90594482421875,132.52224111291792,130.4385840810419,130.60488317405677,94264200
2021-04-20,130.213623046875,132.5809638018916,128.9419071234644,132.0820664075215,94812300
2021-04-21,130.5951385498047,130.83969873435487,128.44301191111677,129.47994470532655,68847100
2021-04-22,129.06903076171875,131.23093351918828,128.55056458403985,130.14508616226848,84566500
2021-04-23,131.39724731445312,132.17982763123,129.28424463492502,129.28424463492502,78657500
2021-04-26,131.78857421875,132.12117243879302,130.65381154555584,131.89618128132474,66905100
2021-04-27,131.46578979492188,132.46359966085154,131.1918835457288,132.0722943571678,66015800
2021-04-28,130.6733856201172,132.0820545207044,130.18426530334483,131.38749710310995,107760100
2021-04-29,130.57554626464844,134.08744123271336,129.56795967816743,133.5004909237802,151101000
2021-04-30,128.5995330810547,130.65382966034915,128.21801979298792,128.91256235309382,109839500
2021-05-03,129.65602111816406,131.15274318306484,128.96147855172077,129.16690074814014,75135100
2021-05-04,125.06805419921875,128.6288567066615,123.94307606167955,128.3353815530832,137564700
2021-05-05,125.31263732910156,127.61149397563412,125.18546126388162,126.38869312319078,84000900
2021-05-06,126.91693115234375,126.92670818396309,124.36371532032841,125.10718020945761,78128300
2021-05-07,127.59310150146484,128.62198708733197,126.87776196476985,128.22023845618241,78973300
2021-05-10,124.30060577392578,126.936537888107,124.2614087846363,126.80916075602343,88071200
2021-05-11,123.37950134277344,123.73225929039904,120.30260126371391,121.01793322731803,126142800
2021-05-12,120.30260467529297,122.13502470718254,119.79305875777395,120.91994792228226,112172300
2021-05-13,122.45838928222656,123.61467427312743,121.76265955967637,122.07622799062943,105861300
2021-05-14,124.88854217529297,125.31970156938155,123.32070002778138,123.71266243367454,81918000
2021-05-17,123.73226165771484,124.37900077220148,122.65437060963178,124.27121091978704,74244600
2021-05-18,122.3407974243164,124.4377876927737,122.2722045641729,124.01642941587465,63342900
2021-05-19,122.18402099609375,122.40939434000599,120.39079798085203,120.68477166324163,92612000
2021-05-20,124.75135803222656,125.15312155926449,122.585774870456,122.71316695271737,76857100
2021-05-21,122.90912628173828,125.42747449402114,122.69354661378206,125.25109180897152,79295400
2021-05-24,124.54557037353516,125.36869212394858,123.4088876885631,123.47748054475917,63092900
2021-05-25,124.349609375,125.74107639005582,123.7812642192773,125.251117740315,72009500
2021-05-26,124.30060577392578,124.82975391524182,123.87924748414049,124.40839562545654,56575900
2021-05-27,122.76216125488281,125.07473132442752,122.56618378162433,123.89885153275387,94625600
2021-05-28,122.10562896728516,123.27171512304146,122.04683722029289,123.0463342994687,71311100
2021-06-01,121.7822494506836,122.83074455067667,121.44908627688243,122.56617423477933,67637100
2021-06-02,122.54656982421875,122.72295252370081,121.55687396007116,121.78224728515005,59278900
2021-06-03,121.05714416503906,122.34081392488444,120.65538058996748,122.17423231007713,76229200
2021-06-04,123.35989379882812,123.62447159323195,121.36089230936066,121.57647200078277,75169300
2021-06-07,123.36969757080078,123.78125473088885,122.32120243854156,123.63426789483995,71057600
2021-06-08,124.19281768798828,125.87825834715188,123.67347065562662,124.05563196155543,74403800
2021-06-09,124.57496643066406,125.18250849792624,123.97722547889047,124.65336040245155,56877900
2021-06-10,123.57547760009766,125.61367614452429,123.40889600611712,124.4671847907461,71186400
2021-06-11,124.79055786132812,124.87875295690584,123.56567997208057,123.98703826502418,53522400
2021-06-14,127.85765075683594,127.91644250380197,124.51618772718142,125.2511144685025,96906500
2021-06-15,127.03451538085938,127.97522803307054,126.78953984094318,127.3284890191829,62746300
2021-06-16,127.5342788696289,128.25941195726705,125.87825653584821,127.74985857265314,91815000
2021-06-17,129.1412811279297,129.88601623531721,127.04429139524058,127.19128567007046,96721700
2021-06-18,127.83806610107422,128.86695159835352,127.62248638968997,128.08304168654513,108953300
2021-06-21,129.64109802246094,129.74888789079176,126.61320301951973,127.6812931089003,79663300
2021-06-22,131.28729248046875,131.38528868125076,128.97472269195052,129.47448238296937,74783600
2021-06-23,131.012939453125,131.6204890694468,130.55238415861209,131.08153979372707,60214200
2021-06-24,130.728759765625,131.93403531891448,130.2583959308748,131.74785150334102,68711000
2021-06-25,130.43478393554688,131.19910646414033,130.1408102817522,130.7777556903275,70783700
2021-06-28,132.0712432861328,132.53179860685148,130.66999004165285,130.72878179287244,62111300
2021-06-29,133.5900421142578,133.74683002354072,131.64984033126524,132.0907932430202,64556100
2021-06-30,134.20741271972656,134.64836572202546,133.1393079515186,133.4332816037582,63261400
2021-07-01,134.5111846923828,134.56997643445254,133.0315227403941,133.85465198573496,52485800
2021-07-02,137.1471405029297,137.18633001828633,134.98154971442102,135.1285290871627,78852600
2021-07-06,139.16571044921875,140.27298973450715,137.25490420705506,137.25490420705506,108181800
2021-07-07,141.66445922851562,141.97802013748654,139.7928425569442,140.65514627070422,104911600
2021-07-08,140.36122131347656,141.16473348435932,137.84286503744906,138.73457978552972,105575500
2021-07-09,142.19361877441406,142.72275942044914,139.7830526150671,139.88104882276198,99890800
2021-07-12,141.59588623046875,143.37931564236285,141.10593506704151,143.27152578832394,76299700
2021-07-13,142.7129669189453,144.4963962387887,140.74336872639185,141.13532365605394,100827100
2021-07-14,146.1523895263672,146.56396155860705,144.71193226988518,145.12350430212504,127050800
2021-07-15,145.49586486816406,146.98532030046908,144.1338014981312,146.24060006037655,106820300
2021-07-16,143.44789123535156,146.7501570666892,142.94814646554318,145.47629609045745,93251400
2021-07-19,139.58705139160156,141.17450296373835,138.82272894847327,140.86092711418854,121434600
2021-07-20,143.2127227783203,144.14364197451235,140.08684683491023,140.5767980109594,96350000
2021-07-21,142.47779846191406,143.19313795676365,141.7232844033651,142.6051905545548,74993500
2021-07-22,143.84967041015625,145.22152774257404,142.87956168443856,143.0069537767786,77338200
2021-07-23,145.5742645263672,145.73105246266147,143.96722555965206,144.5845687137355,71447400
2021-07-26,145.99566650390625,146.81878094574583,144.73158401268006,145.2901355674368,72434100
2021-07-27,143.8202362060547,146.21119973573445,142.6247544412148,146.12299718263154,104818600
2021-07-28,142.06622314453125,144.0162339928002,139.67525927689903,141.89964155731053,118931200
2021-07-29,142.7129669189453,143.604681578867,141.6742728984309,141.7820627469063,56699500
2021-07-30,142.92852783203125,143.38908303752456,141.2136990739111,141.478276840329,70440600
2021-08-02,142.59539794921875,143.99665116994922,142.33082012109094,143.41851235659007,62880000
2021-08-03,144.3984375,145.06476404375383,142.26224220829448,142.87958558722158,64786600
2021-08-04,143.99664306640625,144.81975742745607,143.34011030565534,144.31021898611445,56368300
2021-08-05,144.10438537597656,144.8687077379418,143.23227319618965,144.02599142191372,46397700
2021-08-06,143.41748046875,144.36941102647455,142.9169869178482,143.62357485707724,54126800
2021-08-09,143.36842346191406,143.96706011061815,142.80905002187748,143.47637482395993,48908700
2021-08-10,142.88755798339844,144.95825044162723,142.59314382367126,143.7119056510136,69023100
2021-08-11,143.14268493652344,143.98666406649497,142.81883091257257,143.32914770557306,48493500
2021-08-12,146.11622619628906,146.27324904121383,143.12304372844764,143.46652932990523,72282600
2021-08-13,146.32232666015625,146.65598898865775,145.50778746444493,146.1947437215137,59375000
2021-08-16,148.30470275878906,148.37340588044512,143.74133599773583,145.77276511297995,103296000
2021-08-17,147.3920135498047,148.85424577061949,146.3125001875388,147.43126177455844,92229700
2021-08-18,143.6333465576172,147.9121213324634,143.42725222182517,147.0092625234894,86326000
2021-08-19,143.967041015625,145.24282558662867,141.80802903559353,142.3281541725026,86960300
2021-08-20,145.42926025390625,145.73348263655066,144.0455246026639,144.69323256382265,60549600
2021-08-23,146.92095947265625,147.39201304068925,145.13485827480818,145.54703201865243,60131800
2021-08-24,146.8326416015625,148.04954634761012,146.37139629315473,146.66581042238676,48606400
2021-08-25,145.59609985351562,147.519592250737,145.04653487560168,147.0190838087262,58991300
2021-08-26,144.7913818359375,146.34194886069025,144.76194192197897,145.58630443638947,48597200
2021-08-27,145.83164978027344,145.97884935283636,144.0946199514099,144.73250473188153,55802400
2021-08-30,150.26744079589844,150.63055805059383,145.84146538996188,146.22419927229765,90956700
2021-08-31,149.00146484375,149.9533952991406,148.47151645903594,149.8160040465339,86453100
2021-09-01,149.66880798339844,152.0927942907588,149.50197679710354,149.98285372785378,80313700
2021-09-02,150.7875518798828,151.8376253671697,149.560838913159,151.00345455998809,71115500
2021-09-03,151.4254608154297,151.74931485528106,150.2379960026413,150.89551239584583,57808700
2021-09-07,153.77096557617188,154.33033904548213,151.51381014451505,152.08300690376956,82278300
2021-09-08,152.22035217285156,154.1143897180931,151.11139891038036,154.0555098943376,74420200
2021-09-09,151.19973754882812,153.20172648114232,151.08196292373444,152.59328165383056,57305700
2021-09-10,146.19473266601562,152.58344783541474,145.92975849599713,152.11239429112135,140893200
2021-09-13,146.7639923095703,148.59915074084668,145.97889274862158,147.8238744706718,102404300
2021-09-14,145.36056518554688,148.25561957289722,144.17311549895538,147.5490317533872,109296300
2021-09-15,146.2536163330078,146.6559817546306,143.6431677103874,145.7923710886154,83281300
2021-09-16,146.01808166503906,146.19473610738382,144.4773380668959,145.674611041655,68034100
2021-09-17,143.3389892578125,146.04758173185846,143.0445750791735,146.04758173185846,129868800
2021-09-20,140.27708435058594,142.141682080616,138.63819761482773,141.12106347538898,123478900
2021-09-21,140.7579345703125,141.9061509958665,140.12004986680236,141.24861971901947,75834000
2021-09-22,143.13287353515625,143.7020551685205,141.02291826849162,141.7589460412651,76404300
2021-09-23,144.09463500976562,144.33997763935906,142.9268016969767,143.91798052970498,64838200
2021-09-24,144.1829376220703,144.7226943379148,142.8482732767658,142.94641630674622,53477900
2021-09-27,142.66180419921875,143.24082409127374,141.14069212341911,142.75994722486152,74150700
2021-09-28,139.2662811279297,142.05336955149633,139.05037843565805,140.58131390847566,108972300
2021-09-29,140.16915893554688,141.7589744515087,139.38405949234024,139.81586493483022,74602000
2021-09-30,138.86392211914062,141.69027387708846,138.64801941682376,140.9836859376015,89056700
2021-10-01,139.99246215820312,140.2574363223273,136.5184180127203,139.25643446026405,94639600
2021-10-04,136.54788208007812,139.56069651109203,135.69409459126777,139.11906783458025,98322000
2021-10-05,138.48117065429688,139.59012394137855,136.76377254220841,136.89135547952526,80861100
2021-10-06,139.35459899902344,139.50179857153668,135.79221959896122,136.87173304580557,83221100
2021-10-07,140.62054443359375,141.5332266041183,140.06117114642012,140.39483345627966,61732700
2021-10-08,140.23782348632812,141.49397639424066,139.90416114584096,141.34677682476803,58773200
2021-10-11,140.14950561523438,142.1122464318601,139.16813520692153,139.61957218353604,64452200
2021-10-12,138.8737335205078,140.58132357465212,138.41248818935148,140.56169197186182,73035900
2021-10-13,138.28489685058594,138.76575872878743,136.60674699681144,138.60875085656076,78762700
2021-10-14,141.08180236816406,141.19957699805144,138.87371898295444,139.46254720881987,69907100
2021-10-15,142.1416778564453,142.2005576815035,140.83645349440351,141.09161936901995,67940300
2021-10-18,143.81983947753906,144.1044303133813,140.4929943196034,140.77758515544568,85589200
2021-10-19,145.9886474609375,146.39101289718135,143.81982737932438,144.2712493533105,76378900
2021-10-20,146.47935485839844,146.96023179232097,145.36059309181522,145.92978977650145,58418800
2021-10-21,146.69525146484375,146.85227433157712,145.1152444328355,146.03773505673811,61421000
2021-10-22,145.91995239257812,147.3821845567822,145.8708808826435,146.9013226931811,58883400
2021-10-25,145.8708953857422,146.5872915835432,144.86989338673706,145.91014361287867,50720600
2021-10-26,146.5382537841797,148.0299261985199,146.23401634323616,146.54806209858722,60893400
2021-10-27,146.07696533203125,146.94056095534364,145.72367144878302,146.57745876058235,56094900
2021-10-28,149.72769165039062,150.3165049156438,146.9307799732344,147.02892300470535,100077900
2021-10-29,147.00930786132812,147.14669913605402,143.6824623755483,144.47737010607145,124953200
2021-11-01,146.18492126464844,146.91112567706168,145.0465281633518,146.21436117463696,74588300
2021-11-02,147.2251739501953,148.74630088273378,145.88068648070822,145.89050976722584,69122000
2021-11-03,148.6678009033203,149.1388544822275,147.0289142026338,147.58828751986294,54511500
2021-11-04,148.14767456054688,149.59027519786,147.83362886091194,148.7561193854356,60394600
2021-11-05,148.67840576171875,149.58258253436696,147.47938515102905,149.27791606706361,65463900
2021-11-08,147.8528289794922,148.96340074214248,147.5776454448072,148.80614872335738,55020900
2021-11-09,148.2164764404297,148.8258093306056,147.47937439726354,147.61696617879937,56787900
2021-11-10,145.37619018554688,147.5481909989835,145.30740178680878,147.44008208978292,65187100
2021-11-11,145.32701110839844,146.86018071692627,145.14027622083057,146.39827730607036,41000000
2021-11-12,147.41058349609375,147.81352120891913,144.9437391025949,145.8773986754407,63804000
2021-11-15,147.42039489746094,149.26806864568343,146.86019019858912,147.78402707270035,59222800
2021-11-16,148.40321350097656,148.88479224149762,146.77175735607312,147.36144499767522,59256200
2021-11-17,150.85037231445312,152.3343988008495,148.39336588218137,148.40318850921466,88807000
2021-11-18,155.15504455566406,155.94128964959728,150.41794373346818,151.0665970606914,137827700
2021-11-19,157.78895568847656,158.25087409630834,153.8380851561955,154.9388192362829,117305600
2021-11-22,158.25091552734375,162.85042556306863,158.23125527180156,158.89955399642577,117467900
2021-11-23,158.6341552734375,159.0174476489432,156.3245633977133,158.34913415019864,96041900
2021-11-24,159.15505981445312,159.35161734057587,156.89461077309667,157.98552228891256,69463600
2021-11-26,154.11329650878906,157.69069791152225,153.67103827148128,156.82584169085234,76959800
2021-11-29,157.4843292236328,158.41798890304915,156.0592531379974,156.62928057297538,88748200
2021-11-30,162.457275390625,162.6734931658107,157.1697925187928,157.23859590016,174048100
2021-12-01,161.93641662597656,167.37131474483905,161.70053856245917,164.59980373493542,152052500
2021-12-02,160.9437713623047,161.3762069674829,155.08627542774454,156.0101124031017,136739200
2021-12-03,159.05679321289062,162.1231479856483,156.97325618498053,161.19931100266786,118023100
2021-12-06,162.4769287109375,164.99290090063192,161.45480563613842,161.46462826318137,107497000
2021-12-07,168.2361602783203,168.62929035916358,165.44500418803963,166.17228359031526,120405400
2021-12-08,172.06907653808594,172.9339476024618,167.7643964630588,169.1698119426696,116998900
2021-12-09,171.55804443359375,173.7103848403719,170.92905127787418,171.90203139222558,108923700
2021-12-10,176.3639373779297,176.54084965789616,171.68580203438307,172.19686362537885,115402700
2021-12-13,172.71774291992188,178.99785124666644,172.5113477652422,178.00521097357498,153237000
2021-12-14,171.3319854736328,174.68334606426572,169.248448682449,172.23616209992724,139380400
2021-12-15,176.21653747558594,176.41309502787303,169.34674079975917,172.0985915209184,131063300
2021-12-16,169.29759216308594,178.0248851678291,167.8135654456889,176.19687149781882,150185800
2021-12-17,168.1968536376953,170.48678573043304,166.77179272061935,167.00765577116044,195432700
2021-12-20,166.83078002929688,167.6465081759867,164.5801681519043,165.38605867263166,107499100
2021-12-21,170.01502990722656,170.22141005857458,166.21157358651485,168.60961436850548,91185900
2021-12-22,172.6194610595703,172.8356788475582,169.18947432865244,170.06416810864746,92135300
2021-12-23,173.24844360351562,173.80864829178057,172.25581836202977,172.82584567773912,68356600
2021-12-27,177.2288055419922,177.3172541822936,174.02487426792013,174.04451952373478,74919600
2021-12-28,176.2067108154297,178.21163696410983,175.45978607170662,177.06175946547603,79144300
2021-12-29,176.29515075683594,177.5236541153346,175.07647002650884,176.2460076232202,62348900
2021-12-30,175.1354217529297,177.46467413151436,175.0273128661905,176.3835852641225,59773000
2021-12-31,174.51629638671875,176.1477376000055,174.21161492875567,175.02734303358918,64062300
2022-01-03,178.87991333007812,179.73496187327837,174.653873733677,174.77180525837534,104487900
2022-01-04,176.60964965820312,179.79393593953884,176.0396222685355,179.4892694890775,99310400
2022-01-05,171.91188049316406,177.0715956888926,171.63669688243576,176.521228467436,94537600
2022-01-06,169.04205322265625,172.28530491748282,168.68824367419558,169.73001206789144,96904000
2022-01-07,169.20913696289062,171.14525945761193,168.08874249862777,169.91675609783337,86709100
2022-01-10,169.2288055419922,169.53347199078678,165.27793434356843,166.17228843262194,106765600
2022-01-11,172.06907653808594,172.1673477977068,167.8823429695319,169.3565468312396,76138300
2022-01-12,172.51136779785156,174.13298635832638,171.81358623406135,173.09121782891782,74805200
2022-01-13,169.2288055419922,173.5826144650006,168.835675449693,172.7570637657418,84505800
2022-01-14,170.0937042236328,170.7914858810585,168.14774369427823,168.3934444180105,80440800
2022-01-18,166.87986755371094,169.5727368069087,166.49657517844096,168.56045143128856,90956700
2022-01-19,163.37130737304688,168.13790701368765,163.08630115574192,167.07647817629606,94815000
2022-01-20,161.68084716796875,166.7619347111161,161.35652051674097,164.10837074224375,91420500
2022-01-21,159.61700439453125,163.4695895238368,159.50889548799853,161.59243259966877,122848900
2022-01-24,158.84054565429688,159.5088591961831,152.03955370843636,157.26807054913448,162294600
2022-01-25,157.0321807861328,159.9609280098401,154.31965131011964,156.2459357941885,115798400
2022-01-26,156.94374084472656,161.56290980795944,155.10590488401596,160.6882161425736,108275300
2022-01-27,156.4818572998047,161.02240127110773,155.55802030212934,159.65630602886313,121954600
2022-01-28,167.4008026123047,167.4204628672782,160.0002987329338,162.8602584781643,179935700
2022-01-31,171.77426147460938,171.99047927683918,166.5948868425434,167.2337176205423,115541600
2022-02-01,171.60716247558594,171.83320287445497,169.34671349776292,171.01747491741384,86213900
2022-02-02,172.81600952148438,172.8553300243515,170.34918033798783,171.7447582622127,84914300
2022-02-03,169.9265899658203,173.2091625575225,169.160005018323,171.4794201148579,89418100
2022-02-04,169.64122009277344,171.32396054369477,167.9584796418521,168.9425345214472,82465400
2022-02-07,168.92286682128906,171.17634592324976,168.22418123926562,170.1037296917855,77251200
2022-02-08,172.04232788085938,172.5540406567285,168.69653205769893,168.9917515443729,74829200
2022-02-09,173.46917724609375,173.83327271357754,172.11117683042102,173.24284884864312,71285000
2022-02-10,169.3755340576172,172.6819593071923,168.814630541294,171.3633292711471,90865900
2022-02-11,165.95103454589844,170.32024114696839,165.36059553989367,169.58219989720624,98670700
2022-02-14,166.18716430664062,166.87599960086266,163.90415017095245,164.7012320839439,86185500
2022-02-15,170.0348358154297,170.192288199675,167.53534303134987,168.24386374496802,62527400
2022-02-16,169.79867553710938,170.57607229918491,167.33853829378842,169.1098401120767,61177400
2022-02-17,166.18716430664062,169.16884887808143,165.78369827163797,168.30287592792615,69589300
2022-02-18,164.6323699951172,167.82069791691148,163.54006857345092,167.1121922796674,82772700
2022-02-22,161.69989013671875,164.03209518170536,159.5644780309518,162.3493548856938,91162800
2022-02-23,157.51766967773438,163.50071005203375,157.20276491304196,162.90043598288878,90009200
2022-02-24,160.14511108398438,160.25335773120963,149.57635530980806,150.14710899376973,141147500
2022-02-25,162.22145080566406,162.48713480856267,158.30490162446958,161.22754578023935,91974200
2022-02-28,162.48712158203125,162.78234102115098,159.84001180321536,160.4599711238184,95056600
2022-03-01,160.59774780273438,163.94354328714707,159.3873645469528,162.07383007117033,83474400
2022-03-02,163.90419006347656,164.69143702654492,160.3517510934881,161.76879262391375,79724800
2022-03-03,163.5794219970703,166.21669661748916,162.91027195360368,165.78371011148872,76678400
2022-03-04,160.56820678710938,162.91026182459296,159.51527604524227,161.86716622434736,83737200
2022-03-07,156.7599639892578,162.38875977204634,156.5041000801844,160.75522487368383,96418800
2022-03-08,154.9296112060547,160.28287244930655,153.31576171497022,156.28761181988324,131148300
2022-03-09,160.35174560546875,160.80441747377364,156.8681978086355,158.90518367729157,91454900
2022-03-10,155.99237060546875,157.83254827067594,153.49286301272676,157.64557545679153,105342000
2022-03-11,152.2628173828125,156.74027038411012,152.03648894987714,156.3958451472846,96970100
2022-03-14,148.2183380126953,151.66253001815127,147.70664029732,149.035105347276,108732100
2022-03-15,152.61705017089844,153.089407270085,147.98216062819657,148.49385829575584,92964300
2022-03-16,157.04531860351562,157.44878471807237,151.99712715402308,154.54582575293017,102300200
2022-03-17,158.05889892578125,158.43284460620507,155.11658427872035,156.0809539111175,75615400
2022-03-18,161.3653106689453,161.85733809568418,157.21259798603037,157.9506391261387,123511700
2022-03-21,162.74298095703125,163.69751527513725,160.410760966115,160.90278834594352,95811400
2022-03-22,166.1281280517578,166.71855188517935,162.28047042303692,162.87089425645846,81532000
2022-03-23,167.4959716796875,169.88721760148997,164.9767788153055,165.3113688542094,98062700
2022-03-24,171.29443359375,171.36330962465348,167.4959813021374,168.33241890873853,90131400
2022-03-25,171.93406677246094,172.48513509296794,169.99547749215097,171.10746429170044,80546200
2022-03-28,172.80003356933594,172.92795048627315,169.25743018713217,169.42471770580778,90371900
2022-03-29,176.10646057128906,176.15565130084448,173.52822668291532,173.8726518827145,100589400
2022-03-30,174.93544006347656,176.74609743731983,173.88249413539714,175.7030016679424,92633200
2022-03-31,171.8258056640625,175.19127120838715,171.6191475535364,175.0042983977884,103049300
2022-04-01,171.5305938720703,172.09151232886626,169.1983887454629,171.25505972274473,78751300
2022-04-04,175.59474182128906,175.6439475646401,171.6585226009615,171.78645453057726,76468400
2022-04-05,172.2686309814453,175.4569739407951,171.638836509714,174.66972709725982,73401800
2022-04-06,169.09014892578125,170.86145068243167,167.4172586616336,169.61169680197753,89058800
2022-04-07,169.3951873779297,170.5957353976524,167.14170856316215,168.43081790840108,77594700
2022-04-08,167.37786865234375,169.04092358061774,166.50206052636017,169.04092358061774,76575500
2022-04-11,163.1071014404297,166.33480034612657,162.8610877127669,166.01991058277108,72246700
2022-04-12,164.9866485595703,167.1614014854587,163.98290835466773,165.34090892509556,79265200
2022-04-13,167.68292236328125,168.31271679879137,164.1108138532633,164.72092298955894,70618900
2022-04-14,162.6544189453125,168.5390777375964,162.4084052337266,167.8994330781819,75329400
2022-04-18,162.4379425048828,163.9435452353402,160.9618602189061,161.30627040967605,69023900
2022-04-19,164.7307891845703,165.14410546856962,161.2964470906838,162.38874866299832,67723800
2022-04-20,164.56349182128906,166.18719136722032,163.45152002793873,166.06909457220715,67929800
2022-04-21,163.76641845703125,168.79493971335873,163.26455585195845,166.21672062047585,87227800
2022-04-22,159.21022033691406,165.1932753547798,158.92485105020066,163.80576949112535,84882400
2022-04-25,160.2828369140625,160.56820617483112,155.93331687209525,158.55089100434944,96046400
2022-04-26,154.2998046875,159.7514619922399,154.22107849702726,159.66290065876512,95623200
2022-04-27,154.073486328125,157.24212936237095,152.90245856859522,153.4240064759593,88063200
2022-04-28,161.03073120117188,161.89670425341123,156.3958263617354,156.71073111363518,130216800
2022-04-29,155.13623046875,163.54990186297132,154.74261456190868,159.25942241026976,131747600
2022-05-02,155.44129943847656,155.70698341755673,150.8260801242461,154.21123096519486,123055300
2022-05-03,156.93707275390625,158.14747110367338,153.82747065183054,155.62827792248643,88966500
2022-05-04,163.372802734375,163.82545959087432,156.72058183628712,157.12404795896134,108256500
2022-05-05,154.27027893066406,161.46371729012728,152.47929194392455,161.23738888499025,130525300
2022-05-06,154.99952697753906,157.12821179757466,151.94446922447622,153.7479370549887,116124600
2022-05-09,149.855224609375,153.5705662251753,149.29349706523496,152.68360662844097,131577900
2022-05-10,152.26968383789062,154.46736088090017,150.71259117184084,153.26504901265346,115366700
2022-05-11,144.37583923339844,153.19606667734942,143.69584140711092,151.2743434971103,142689800
2022-05-12,140.4929656982422,144.08018734631574,136.78748878802156,140.69992744454566,182602000
2022-05-13,144.9770050048828,145.95265608735048,141.03500230205145,142.49353909158592,113990900
2022-05-16,143.4298095703125,145.3811123861498,142.08952760276605,143.4396742043902,86643800
2022-05-17,147.07614135742188,147.5984555661727,144.55324673702833,146.70164625018603,78336300
2022-05-18,138.7782440185547,145.22341329093658,137.87156995710185,144.72081324522824,109742900
2022-05-19,135.3585205078125,139.6060259100609,134.61939501913687,137.8518359532745,136095600
2022-05-20,135.59503173828125,138.65993938193793,130.68724267872005,137.07328272324338,137426100
2022-05-23,141.03500366210938,141.18282274987226,135.65416330433425,135.79213279876197,117726300
2022-05-24,138.32485961914062,139.9115161270146,135.33879411636306,138.76833186496543,104132700
2022-05-25,138.48257446289062,139.73414963230113,136.33417493293138,136.42286639453397,92482700
2022-05-26,141.69529724121094,142.24717525757603,135.1515728345783,135.3979480231376,90601500
2022-05-27,147.47030639648438,147.50971980321964,143.15380903801713,143.28192892561134,90978500
2022-05-31,146.68194580078125,148.47556460121464,144.71094406186975,146.908621827792,103718400
2022-06-01,146.55380249023438,149.53986813880326,145.53872302627965,147.72653558588104,74286600
2022-06-02,149.01756286621094,149.07669050037924,144.73062893844732,145.68656579095972,72348100
2022-06-03,143.27210998535156,145.82455342819665,142.36545106101252,144.770060362495,88570300
2022-06-06,144.0210723876953,146.4158469197131,142.79904610031343,144.89816741340283,71598400
2022-06-07,146.55380249023438,146.83959105092737,142.0106440716535,142.25701922442352,67808200
2022-06-08,145.814697265625,147.69699226544608,145.3219468917094,146.42570291726497,53950200
2022-06-09,140.57183837890625,145.80484540213257,140.4634326856499,144.9474644884546,69473000
2022-06-10,135.1417236328125,138.7190811555441,135.07273136179253,138.24604500265073,91437900
2022-06-13,129.9678192138672,133.23967326736573,129.5341965596281,130.94345514835987,122207100
2022-06-14,130.83506774902344,131.94868835400084,129.57362805380447,131.19971323419813,84784300
2022-06-15,133.4663848876953,135.34869528930832,130.24380764572436,132.34291441926808,91533000
2022-06-16,128.17420959472656,130.47042786825955,127.16899474112004,130.16492507881696,108123900
2022-06-17,129.6524658203125,131.15043105016284,127.92783964673345,128.18407944512376,134520300
2022-06-21,133.8999786376953,135.07272690596213,131.3869638200352,131.48550486996535,81000500
2022-06-22,133.38751220703125,135.7625572241762,131.96838893721528,132.83561923956722,73409200
2022-06-23,136.2651824951172,136.58053489148253,133.66346131552876,134.83620952437622,72433800
2022-06-24,139.6060028076172,139.85237792973814,137.7434074858847,137.87151232385762,89116800
2022-06-27,139.6060028076172,141.40947050604774,138.92600506455636,140.6309166991209,70207900
2022-06-28,135.44720458984375,141.34049395514106,135.328949330103,140.06920480029078,67083400
2022-06-29,137.21127319335938,138.63039676191534,134.68839353261495,135.4669475914292,66242400
2022-06-30,134.73765563964844,136.36372576433453,131.8304316095035,135.25996980273172,98964500
2022-07-01,136.91558837890625,137.02399404422195,133.69301230892643,134.06749230384347,71051600
2022-07-05,139.50747680664062,139.5567548491927,134.94460374967946,135.77243576693132,73353800
2022-07-06,140.84776306152344,142.0303609345011,139.0344453204545,139.3005347290775,74064300
2022-07-07,144.22802734375,144.42512446788226,141.20253310502923,141.21238269809453,66253700
2022-07-08,144.90802001953125,145.41063501342293,142.89760515660754,143.15382993164704,64547800
2022-07-11,142.76947021484375,144.51381052529135,141.6952781464939,143.5578737194986,63141600
2022-07-12,143.74510192871094,146.29754458624,142.94684893861873,143.64654586479216,77588800
2022-07-13,143.38050842285156,144.3265807145126,140.0593606954875,140.91675656689353,71185600
2022-07-14,146.31727600097656,146.79031208077845,141.17296164080028,141.9909289473083,78140700
2022-07-15,147.99266052246094,148.67265851350987,146.0512226491225,147.60831579328757,76259900
2022-07-18,144.93756103515625,149.37231314080057,144.57291563649574,148.55434594792092,81420900
2022-07-19,148.81060791015625,149.0372688640094,144.77991359630315,145.77526390456921,82982400
2022-07-20,150.82102966308594,151.49117799927419,148.18974443892895,148.92887000877803,64823400
2022-07-21,153.0975341796875,153.3143455287886,149.73697330616696,152.25985260020167,65086600
2022-07-22,151.8557891845703,154.01403798046638,151.18565597102892,153.13694301712763,66675400
2022-07-25,150.73233032226562,152.7920231935369,150.07204665223094,151.7769586670234,53623900
2022-07-26,149.40191650390625,150.87030296581528,148.61351291334188,150.05233555639018,55138700
2022-07-27,154.51663208007812,155.04881082380393,149.9537745387539,150.36768298523742,78620700
2022-07-28,155.06851196289062,155.35430049556004,152.17113804441613,154.70386654701585,81378700
2022-07-29,160.15371704101562,161.257488076031,157.1873652790473,158.90214195015406,101786900
2022-08-01,159.168212890625,161.2180561543135,158.55720726769144,158.6754625398599,67829400
2022-08-02,157.68992614746094,160.05513631833017,157.31544619116985,157.77863261905716,59907000
2022-08-03,163.72125244140625,164.17457438761855,158.41925333428367,158.50794479712317,82507500
2022-08-04,163.4058837890625,164.76587969298566,162.04588788513934,163.60298093980023,55474100
2022-08-05,163.17889404296875,163.6723288419394,160.85974446443265,161.06699370571175,56697000
2022-08-08,162.70516967773438,165.60656841764427,162.04396891961866,164.18547392802034,60276900
2022-08-09,162.75453186035156,163.6427235312398,161.10646144310655,161.86635524789833,63135500
2022-08-10,167.01780700683594,167.11648492615134,164.70852083002953,165.47827786948693,70170500
2022-08-11,166.2776641845703,168.74483818248612,165.9816002931334,167.8270416248752,57149200
2022-08-12,169.84027099609375,169.9093440404782,167.1757109224635,167.59020942251294,68039400
2022-08-15,170.9159393310547,171.1133102288565,169.10010297778325,169.2678689938365,54091700
2022-08-16,170.758056640625,171.4291358420734,169.40605002056787,170.5113392247935,56377100
2022-08-17,172.25808715820312,173.83706944158646,170.3040896179902,170.50146052110878,79542000
2022-08-18,171.8633270263672,172.60347919281742,170.84685258911696,171.46858522763415,62290100
2022-08-19,169.2678680419922,171.45871962967124,169.06061881248345,170.75803562921558,70346300
2022-08-22,165.36973571777344,167.62966033417896,164.94537398602955,167.4618943197239,69026800
2022-08-23,165.03421020507812,166.494788154392,164.46182399117447,164.88618577839446,54147100
2022-08-24,165.3302459716797,165.90263208814247,164.0670542175665,165.12301180960134,53841500
2022-08-25,167.7974395751953,167.9059958352742,166.13950584864693,166.56385255540565,51218200
2022-08-26,161.47157287597656,168.80402064201385,161.41236311895443,168.3303275274042,78961000
2022-08-29,159.26101684570312,160.76104775775735,157.72150271792214,159.0340260013609,73314000
2022-08-30,156.82345581054688,160.42552392043874,155.64907854678992,160.00117720950024,77906200
2022-08-31,155.15562438964844,158.47150652042689,155.07667302243541,158.2050475383872,87991100
2022-09-01,155.88595581054688,156.33990747294095,152.63914582794771,154.58328048345916,74229900
2022-09-02,153.76412963867188,158.2543887367361,152.93516289828764,157.65239775798332,76957800
2022-09-06,152.5009307861328,155.02731410056845,151.6719640845397,154.41545987678768,73714800
2022-09-07,153.91220092773438,154.61286996329966,151.59305117128892,152.78717010211398,87449600
2022-09-08,152.43186950683594,154.3069155323693,150.6752279441013,152.60949878868428,84923800
2022-09-09,155.30364990234375,155.74775322839724,152.71805660596894,153.42860385753409,68028800
2022-09-12,161.28407287597656,162.10317635640433,157.2083121383532,157.49449766359504,104956000
2022-09-13,151.82000732421875,158.4320302699307,151.35617743298022,157.80043436290458,122656600
2022-09-14,153.27069091796875,155.03719565521683,151.59301587507773,152.75751459079564,87965400
2022-09-15,150.36932373046875,153.2016498653033,149.39233241450626,152.61938532747467,90481100
2022-09-16,148.72125244140625,149.36272674550892,146.4218443622924,149.22456559759132,162278800
2022-09-19,152.45159912109375,152.53055048964774,147.14225134713436,147.34948551345897,81474200
2022-09-20,154.83984375,156.0043577800845,151.07000947628035,151.38579993733708,107689800
2022-09-21,151.70159912109375,156.6556888275703,151.5831795854477,155.27406232514645,101696800
2022-09-22,150.73446655273438,152.44174672656402,148.92849339656019,150.37919289810281,86652500
2022-09-23,148.45480346679688,149.4811563994393,146.60936192506745,149.2048340849056,96029900
2022-09-26,148.7903289794922,151.750937683408,147.67516154898482,147.69490315670595,93339400
2022-09-27,149.76731872558594,152.68845924345578,147.98108723466274,150.7344617346572,84442700
2022-09-28,147.8725128173828,148.66201137862302,142.93816563267225,145.7014030677967,146691400
2022-09-29,140.60916137695312,144.7934934551737,138.83279327495222,144.18163918720862,128138200
2022-09-30,136.3853759765625,141.2210460611346,136.18800506786133,139.42493615755308,124925300
2022-10-03,140.57955932617188,141.19142866488522,135.88206585827712,136.39524222216883,114311700
2022-10-04,144.18165588378906,144.30007541815792,142.36580435900075,143.12569817421627,87830100
2022-10-05,144.4777374267578,145.44488070449708,141.13224929756564,142.1783439689023,79471000
2022-10-06,143.52041625976562,145.60271139252504,143.31318210889143,143.8954314678292,68402200
2022-10-07,138.2505645751953,141.22105183590455,137.61896860646343,140.6683921871329,85925600
2022-10-10,138.5762176513672,140.02691706572585,136.7505180551927,138.5762176513672,74899000
2022-10-11,137.15512084960938,139.49401183769913,136.40510543994947,138.06303899554518,77033700
2022-10-12,136.5235595703125,138.5170407104307,136.34593024080016,137.30319511678357,70433700
2022-10-13,141.11248779296875,141.7046005106399,132.6056617056489,133.21753108987443,113224000
2022-10-14,136.5630340576172,142.62241342006476,136.37552640505737,142.4151641571206,88598000
2022-10-17,140.54010009765625,141.02365655306738,138.4281998048671,139.21769847828358,85250900
2022-10-18,141.8625030517578,144.77376532008952,138.76373315265158,143.57966155321216,99136600
2022-10-19,141.9710693359375,143.04675364711534,139.64205634508835,139.8295639891064,61758300
2022-10-20,141.5072021484375,143.97437563945456,140.77691337406094,141.1420652904652,64522000
2022-10-21,145.3363037109375,145.90868993912767,140.77695549561207,140.99406803245788,86548600
2022-10-24,147.48765563964844,148.2574127069579,144.08295860217441,145.25733581108966,75981900
2022-10-25,150.33973693847656,150.48777643883307,147.3988692443333,148.11927995906782,74732300
2022-10-26,147.38897705078125,149.9943121264643,146.09616525843597,148.9778376688811,88194300
2022-10-27,142.8987274169922,147.09292340264514,142.23752656273683,146.12579536819774,109180200
2022-10-28,153.69508361816406,155.43196876876547,145.87907785280416,146.25407807739884,164762400
2022-10-31,151.3265838623047,152.2147755550462,149.92523080942135,151.1489545588176,97943200
2022-11-01,148.67189025878906,153.40886706506188,147.17185939924275,153.0437301537615,80379300
2022-11-02,143.12570190429688,150.17195049314788,143.09609701993313,146.9942290649959,93604600
2022-11-03,137.05645751953125,140.92498461939732,136.92815965034873,140.1946956802254,97918500
2022-11-04,136.78956604003906,141.03025327243037,132.83553912246873,140.45691755937278,140814800
2022-11-07,137.32333374023438,137.55068603269024,134.11068732115655,135.5341392248018,83374600
2022-11-08,137.89666748046875,139.8044779338877,135.9097746908865,138.796212085486,89908500
2022-11-09,133.3199005126953,136.95761319516816,133.04311982943733,136.90818484099725,74917800
2022-11-10,145.18199157714844,145.18199157714844,137.89670115296482,139.61670844683837,118854000
2022-11-11,147.9794464111328,148.28588106740983,142.71070401695297,144.1440507641814,93979700
2022-11-14,146.57574462890625,148.55275765609238,145.7355080589872,147.25781653663145,73374100
2022-11-15,148.31553649902344,151.82473825025608,146.85255082741247,150.47048891741846,89868300
2022-11-16,147.07989501953125,148.14748399123684,145.5971350727314,147.41599873753398,64218300
2022-11-17,148.98773193359375,149.73899160011717,144.47024904717685,144.747029718181,80389400
2022-11-18,149.55116271972656,150.94496070019653,148.246341800127,150.5594437144723,74829600
2022-11-21,146.3088836669922,148.64176028052393,146.02222333634097,148.43418230260116,58724100
2022-11-22,148.45391845703125,148.6911654782662,145.24127190945183,146.42749193221246,51804100
2022-11-23,149.33372497558594,150.08498469071404,147.62359740352187,147.73233375155243,58301400
2022-11-25,146.40771484375,147.16886915801885,145.4290878682615,146.6054131493823,35195900
2022-11-28,142.56243896484375,144.95462339373816,141.73209694821898,143.47186332830165,69246000
2022-11-29,139.54745483398438,143.14561773694626,138.73688738198348,142.63159015554842,83763800
2022-11-30,146.32862854003906,147.01070049689147,138.93460350915308,139.77482505617792,111380900
2022-12-01,146.60540771484375,147.4159903463265,144.92494955414173,146.50656610739853,71250400
2022-12-02,146.1111602783203,146.29897894842466,143.9759823709456,144.28243209151336,65447400
2022-12-05,144.94473266601562,149.18541949197922,144.09461635687657,146.07162962618466,68826400
2022-12-06,141.26747131347656,145.6070143612091,140.28884442227303,145.37966208348357,64727200
2022-12-07,139.3201446533203,141.72220883121116,138.3909458890047,140.55577809875786,69721100
2022-12-08,141.01046752929688,141.87047857115377,139.47829428917862,140.7238072376209,62128300
2022-12-09,140.52610778808594,143.89691905591846,139.28057976630063,140.7040317435328,76097000
2022-12-12,142.82933044433594,142.83921008074833,139.4387448115005,141.0598951045821,70462700
2022-12-13,143.79806518554688,148.24634516014598,142.58220621584587,147.78174582279246,93886200
2022-12-14,141.56405639648438,144.97440162134333,139.53761456960953,143.67946020964052,82291200
2022-12-15,134.93116760253906,140.17025624774567,134.46656823635524,139.48818419596876,98931900
2022-12-16,132.96401977539062,136.06792995299983,132.19298581991796,135.1189720463015,160156900
2022-12-19,130.84861755371094,133.6460931216457,129.81069766078807,133.5571311451233,79592600
2022-12-20,130.77943420410156,131.7185125149171,128.39712953221752,129.87988952300458,77432800
2022-12-21,133.89320373535156,135.23757319201226,131.22423917558152,131.45159144947942,85928000
2022-12-22,130.71023559570312,133.01345799694343,128.80242492111796,132.8058800384377,77852100
2022-12-23,130.34446716308594,130.89802838748807,128.1499815353403,129.41526864352002,63814900
2022-12-27,128.53553771972656,129.89968192747375,127.24059622786994,129.87002793021114,69007800
2022-12-28,124.59137725830078,129.52402325835672,124.42333294025542,128.17965363057965,85438400
2022-12-29,128.12034606933594,128.9803420184741,126.26195630324504,126.51896259932623,75703700
2022-12-30,128.43666076660156,128.45643512279935,125.9654017030859,126.93414153068441,77034200
2023-01-03,123.63253021240234,129.39551842727084,122.74287269172645,128.78264911213327,112117500
2023-01-04,124.90770721435547,127.18127564102066,123.64241984503863,125.43161455867813,89113600
2023-01-05,123.58309173583984,126.30148488412831,123.32608545003059,125.66884126386319,80962700
2023-01-06,128.13021850585938,128.79251610668766,123.45458659001618,124.56171667837158,87754700
2023-01-09,128.65411376953125,131.87665458355607,128.39710751190108,128.97044308668717,70790800
2023-01-10,129.22750854492188,129.75141601848387,126.64750481816121,128.7629090746433,63896200
2023-01-11,131.95578002929688,131.97553930551643,128.9606055895864,129.7415193359335,69458900
2023-01-12,131.87669372558594,132.71691544226815,129.9293341536629,132.3412931209229,71379600
2023-01-13,133.2111358642578,133.369300530634,130.14677464113623,130.51251723414498,57809700
2023-01-17,134.37759399414062,135.7120688975574,132.5883994032112,133.28035102906594,63646600
2023-01-18,133.65599060058594,137.01690717262807,133.47805156045354,135.24748690824802,69672800
2023-01-19,133.7152862548828,134.6840184578663,132.23252641864943,132.5389610381249,58280400
2023-01-20,136.28541564941406,136.43370070636414,132.67737218152695,133.72518688361293,80223600
2023-01-23,139.48817443847656,141.67278077878365,136.31506144495467,136.5325341153351,81760300
2023-01-24,140.89186096191406,141.514625019409,138.6874952095744,138.69737484670043,66435100
2023-01-25,140.22952270507812,140.79296352657107,137.21457507814415,139.27067026170224,65799300
2023-01-26,142.30545043945312,142.59211078456946,140.26911369162724,141.52452159398862,54105100
2023-01-27,144.25274658203125,145.5378080511819,141.43551210166743,141.51459443182878,70555800
2023-01-30,141.3564453125,143.87714018615392,141.208175354279,143.29392490593287,64015300
2023-01-31,142.63160705566406,142.68103540109175,140.64471427014323,141.05988522159177,65874500
2023-02-01,143.7584991455078,144.92494470830036,139.69575173845908,142.3152880410748,77663600
2023-02-02,149.08657836914062,149.44242627870938,146.46702672863907,147.18863235095503,118339000
2023-02-03,152.72427368164062,155.571177590554,146.13093629775682,146.32863460622823,154357300
2023-02-06,149.98611450195312,151.3403789118004,149.04703617157855,150.81647157748358,69858300
2023-02-07,152.87255859375,153.4458943027817,148.9086520667493,148.9086520667493,83322600
2023-02-08,150.17393493652344,152.80336635897712,149.43255491704016,152.11141469080906,64120100
2023-02-09,149.135986328125,152.55622581029445,148.69116137357645,152.0125441621068,56007100
2023-02-10,149.50233459472656,149.82904173966972,147.7302123185839,147.9678216348465,57450700
2023-02-13,152.31396484375,152.71985991539307,149.41321016170093,149.44290943263957,62199000
2023-02-14,151.67044067382812,152.23475701699866,149.35380697400552,150.60122163396125,61707600
2023-02-15,153.77919006347656,153.94749097395436,151.35365383790918,151.58135329250317,65573800
2023-02-16,152.1753387451172,154.76917536637725,151.81893244470842,151.97732349543472,68167900
2023-02-17,151.02694702148438,151.47245120963535,149.34392280711089,150.8289468385779,59144100
2023-02-21,146.99755859375,149.7894107206676,146.92826533516197,148.70038717333577,58867200
2023-02-22,147.4232940673828,148.45290411559392,145.69076597475495,147.38368496565576,51011300
2023-02-23,147.9083709716797,148.83898834448985,145.7699480861059,148.591484366889,48394200
2023-02-24,145.2452392578125,145.720442659753,144.26511807901926,145.64123957502227,55469600
2023-02-27,146.44313049316406,147.68065020234755,145.97782187399574,146.23523564162863,44998500
2023-02-28,145.93824768066406,147.59157242356576,145.36403664496177,145.58184135182967,50547000
2023-03-01,143.85922241210938,145.76005131760687,143.56221459109048,145.3640509605452,55479000
2023-03-02,144.4532470703125,145.24526294031543,142.4633051197938,142.9385237056633,52238100
2023-03-03,149.52210998535156,149.6013130753249,145.85905393614254,146.56195681168307,70732300
2023-03-06,152.29415893554688,154.73949959731118,151.92785785960842,152.25454983701871,87558000
2023-03-07,150.08644104003906,152.49217281957698,149.62113228238874,152.16546570634722,56182000
2023-03-08,151.34373474121094,151.93775035888638,150.31412479121082,151.28433620073233,47204800
2023-03-09,149.08648681640625,152.99704649679572,148.73008049756518,152.02683517023416,53833600
2023-03-10,147.0173797607422,149.43302127956616,146.1362661024609,148.7103138108838,68572400
2023-03-13,148.9676971435547,151.6110378452132,146.2253488070177,146.33425116280637,84457100
2023-03-14,151.06654357910156,151.86845415267095,148.60141331315802,149.76962498664284,73695900
2023-03-15,151.46255493164062,151.71995365613,148.42319852737018,149.68052309089944,77167900
2023-03-16,154.2939910888672,154.89790141964556,150.1260173130943,150.64082983435895,76161100
2023-03-17,153.45249938964844,155.17513288563387,152.73968657106462,154.5217186175242,98944600
2023-03-20,155.82850646972656,156.24432646768744,152.6109545912959,153.5217825705538,73641400
2023-03-21,157.6897430419922,157.80854012474336,154.97709383642948,155.7493201936468,73938300
2023-03-22,156.25421142578125,160.52117754091816,156.2344068779623,157.70953600837723,75701800
2023-03-23,157.34323120117188,159.9370833205621,156.10571123599644,157.24423866782476,67622100
2023-03-24,158.65005493164062,158.73915274100096,156.27402271003157,157.27393337455686,59196500
2023-03-27,156.69973754882812,159.1648829259014,156.2938273470206,158.34316780021032,52390300
2023-03-28,156.07601928710938,156.90764422361815,154.4226943488484,156.39283166414998,45992200
2023-03-29,159.1648712158203,159.44207447801494,157.75905035570605,157.77883979840226,51305700
2023-03-30,160.739013671875,160.84791604650388,159.6598997546549,159.91729850084738,49501700
2023-03-31,163.2536163330078,163.35262396586768,160.29347845168977,160.8181856716707,68749800
2023-04-03,164.51095581054688,164.62975289569243,162.58042764470542,162.62993146566447,56976200
2023-04-04,163.9763641357422,165.17427510350078,163.46155155698554,164.936680918264,46278300
2023-04-05,162.12501525878906,163.40214436262949,160.18459235196994,163.09524181864398,51511700
2023-04-06,163.01602172851562,163.31302951982073,160.3825758088242,160.80827539475462,45390100
2023-04-10,160.4122772216797,160.4122772216797,158.48174921205518,159.80836691031573,47716900
2023-04-11,159.194580078125,160.73900266239136,158.90746697083827,160.72910794044708,47644200
2023-04-12,158.5015869140625,160.4420100503803,158.18477450444897,159.61040013481554,50133100
2023-04-13,163.9070587158203,164.1446680117871,159.80839277568336,160.0163027979601,68445600
2023-04-14,163.56057739257812,164.6594959408332,162.18445552642515,162.9467570974204,49386500
2023-04-17,163.580322265625,163.73872843453088,162.39230621171848,163.4417206444433,41516200
2023-04-18,164.80795288085938,165.73857027099072,163.99613256812546,164.4416518212544,49923000
2023-04-19,165.95639038085938,166.48109766330478,163.8872454167369,164.14465925023921,47720200
2023-04-20,164.98614501953125,166.19396563576217,163.90703130539762,164.43173852810273,52456400
2023-04-21,163.37242126464844,164.7881366917755,162.84771406794957,163.40212053189984,58337300
2023-04-24,163.67933654785156,163.94664508043508,162.25371118266517,163.35262947612597,41949600
2023-04-25,162.13490295410156,164.64953661232676,162.09529385976796,163.54072367407858,48714100
2023-04-26,162.12501525878906,163.62984381357916,161.1746083552498,161.43200707778223,45498800
2023-04-27,166.72857666015625,166.8770729984066,163.54072434320634,163.54072434320634,64902300
2023-04-28,167.98590087890625,168.15421688581486,166.2038842356674,166.80779457565893,55209200
2023-05-01,167.8967742919922,168.74818847611357,166.9562623122684,167.58987181395577,52472900
2023-05-02,166.85728454589844,168.6492261368123,165.86726857821876,168.3918123170909,48425700
2023-05-03,165.77818298339844,169.21353985292495,165.4910849784499,167.80771888799373,65136000
2023-05-04,164.13473510742188,165.3722550253471,162.66951575440282,163.24372680909343,81235400
2023-05-05,171.83706665039062,172.55977402605672,169.055109287866,169.27291399392053,113316400
2023-05-08,171.76776123046875,172.1142728432519,170.39163971305302,170.75794076749395,55962800
2023-05-09,170.05503845214844,171.80735575023974,169.8867375588741,171.32225761857964,45326900
2023-05-10,171.82717895507812,172.29248769554175,170.1837487273319,171.29257694818676,53724500
2023-05-11,172.01527404785156,172.84688383352895,170.4510470092042,172.11428168700377,49514700
2023-05-12,171.0833740234375,172.5605284867848,169.52689179090092,172.1243165202818,45497800
2023-05-15,170.5876922607422,171.71787100649163,169.99285497252012,171.6682987112497,37266700
2023-05-16,170.5876922607422,171.64846676768477,170.3200139683082,170.5083796138232,42110300
2023-05-17,171.2023468017578,171.44026961578084,168.9518977126324,170.23079334736886,57951600
2023-05-18,173.54200744628906,173.73037308197308,171.0932844370763,171.50966446616422,65496700
2023-05-19,173.65106201171875,174.8704617599002,173.43295602393476,174.8704617599002,55772400
2023-05-22,172.69932556152344,173.20494177332736,171.95578654636702,172.481219573557,43570900
2023-05-23,170.08206176757812,171.88639029719062,169.80447509030535,171.6385439691014,50747300
2023-05-24,170.35963439941406,170.93463964845503,169.05101376120967,169.61609547644804,45143500
2023-05-25,171.499755859375,172.4019050243478,170.21095188854838,170.92475054539574,56058300
2023-05-26,173.91871643066406,174.2557989304357,171.61871039409903,171.82690796374212,54835000
2023-05-30,175.7726287841797,177.44807247659148,175.04892170114425,175.43556138959772,55964400
2023-05-31,175.72305297851562,177.80496826079084,175.23726871202743,175.80236562165695,99625300
2023-06-01,178.53860473632812,178.56834509008664,175.4058230368041,176.16919408040303,68901800
2023-06-02,179.3911895751953,180.21404129298273,177.71574578706654,179.47050222445276,61945900
2023-06-05,178.03297424316406,183.35670847100744,176.50623240767692,181.05670243794387,121946500
2023-06-06,177.66616821289062,178.56831734898336,175.90148844243106,178.41961560329207,64848400
2023-06-07,176.28814697265625,179.64894264257165,175.79245430672572,176.90280103766142,61944600
2023-06-08,179.0144500732422,179.28211321134853,175.93124119908015,176.36743802214428,50214900
2023-06-09,179.40109252929688,180.6601409825454,179.0739335613958,179.93643394119178,48870700
2023-06-12,182.2067108154297,182.30585540353945,179.41101193334958,179.7084305703386,54274900
2023-06-13,181.7308349609375,182.5635949733869,180.86833459999627,181.2252339092373,54929100
2023-06-14,182.36532592773438,182.8015378873281,180.45195952819037,181.79032062893717,57462900
2023-06-15,184.4075927734375,184.91320900884034,182.19680756750913,182.3752648056927,65433200
2023-06-16,183.32696533203125,185.37914013584773,182.68257094685526,185.12137027990616,101235600
2023-06-20,183.4162139892578,184.4968356108102,182.8213918043196,182.8213918043196,49799100
2023-06-21,182.37525939941406,183.8127651610623,181.01705115534045,183.30714894064778,49515700
2023-06-22,185.38906860351562,185.43864089866383,182.08775342754114,182.15715766621673,51245300
2023-06-23,185.07179260253906,185.94421646985703,183.41618103785228,183.95153754819322,53079300
2023-06-26,183.67396545410156,186.43001547826037,183.63430156934749,185.22052415803645,48088700
2023-06-27,186.43992614746094,186.767085127622,184.07051577054278,184.28862175731683,50730800
2023-06-28,187.61965942382812,188.26405378835105,185.9838798047539,186.311023626698,51216800
2023-06-29,187.95675659179688,188.43263248114428,187.312362125066,187.45115547762376,46347300
2023-06-30,192.2990264892578,192.80462759541973,189.6123654098311,189.97918829297507,85069600
2023-07-03,190.80203247070312,192.20979786240994,190.1080506189076,192.11065327577057,31458200
2023-07-05,189.68177795410156,191.31755787833387,188.97788763602904,189.91971590542352,46920300
2023-07-06,190.15762329101562,190.365820872437,187.57010689891024,188.204592923582,45094300
2023-07-07,189.03736877441406,191.01023124936708,188.60117188700468,189.76109103858747,46778000
2023-07-10,186.9851837158203,188.3533002828443,185.42870151973196,187.62957811566648,59922200
2023-07-11,186.45974731445312,187.66923857945199,184.9925013196807,187.53044524382943,46638100
2023-07-12,188.1352081298828,190.04857465553215,186.84640410814296,188.04597194874682,60750200
2023-07-13,188.89857482910156,189.54298444064506,188.14512734155142,188.85892606758472,41342300
2023-07-14,189.04727172851562,189.53304086059518,187.99640569502964,188.59122781892412,41573900
2023-07-17,192.31884765625,192.64600663390738,190.15761974766676,190.24684079775338,50520200
2023-07-18,192.06106567382812,192.65590289157154,190.76235338000512,191.68434955477355,48353800
2023-07-19,193.41928100585938,196.52230675519328,190.99037488225764,191.4365103758755,80507300
2023-07-20,191.46624755859375,194.777470825343,190.84166997972974,193.40935427253197,59581200
2023-07-21,190.28651428222656,193.29041080540085,189.5826239989074,192.42791035637276,71917800
2023-07-24,191.0895233154297,193.230919269526,190.5938306479448,191.7438412670713,45377800
2023-07-25,191.9520263671875,192.7649696142135,191.25805964859208,191.66453127210508,37283200
2023-07-26,192.82444763183594,193.95462630849192,191.6546201978147,192.0015959886147,47471900
2023-07-27,191.55548095703125,195.50119046422063,190.89125457942112,194.33136299756583,47460200
2023-07-28,194.14297485351562,194.93608607706628,192.4675313646912,192.99296433573411,48291400
2023-07-31,194.7576446533203,194.7973085377491,193.57789369266726,194.37100498050742,38824100
2023-08-01,193.9248809814453,195.0352276872512,193.59772201405482,194.54945856713078,35175100
2023-08-02,190.92098999023438,193.4985827896997,190.1972829299724,193.3597894476311,50389300
2023-08-03,189.52313232421875,190.71279169853844,189.04727159995883,189.91969553388512,61235200
2023-08-04,180.42222595214844,185.76579240309633,180.35282171627148,183.92181504025928,115799700
2023-08-07,177.30929565429688,181.5524242148805,175.82221746360614,180.56103875442,97576100
2023-08-08,178.2510986328125,178.71705098279648,176.05022182613857,178.14204563329835,67823000
2023-08-09,176.65493774414062,179.37132361114365,175.48509529864398,179.31184291731705,60378500
2023-08-10,176.4368438720703,179.1928938087059,176.07003615011226,177.93383023619305,54686900
2023-08-11,176.4964141845703,177.32037701982404,175.26544597344693,176.02984778529373,51988100
2023-08-14,178.15428161621094,178.38260392804418,176.01991561712387,176.67511718788185,43675600
2023-08-15,176.1588897705078,178.17411849604412,175.7618061867858,177.5784931204611,43622600
2023-08-16,175.28529357910156,177.24094603057796,175.2157956243564,175.84121662599503,46964900
2023-08-17,172.73399353027344,176.218449670705,172.21777275650916,175.85114660071363,66062900
2023-08-18,173.2204132080078,173.8259754434126,170.7088227434025,171.04634526208298,61114200
2023-08-21,174.5605926513672,174.84849110751958,172.47588124297116,173.79620604217206,46311900
2023-08-22,175.94049072265625,176.38721354501158,174.96762533098521,175.77172944077836,42084200
2023-08-23,179.8022003173828,180.2290795956185,177.0325064942749,177.22112651388355,52722800
2023-08-24,175.09666442871094,179.78232293288016,174.72934624726201,179.35544373491686,54945800
2023-08-25,177.31044006347656,177.84650437604776,174.54074667761984,176.08939374478845,51449600
2023-08-28,178.8789520263672,179.27603559399373,177.25088516267095,178.77967356057698,43820700
2023-08-29,182.78038024902344,183.55470393604566,178.19399915700407,178.39254097330755,53003900
2023-08-30,186.28466796875,186.48322490340712,183.39585240180426,183.59439418869403,60813900
2023-08-31,186.50306701660156,187.7439721096439,186.11590523348306,186.47328650618994,60794500
2023-09-01,188.08148193359375,188.53812645740896,186.9100598225275,188.1112624395919,45732600
2023-09-05,188.31976318359375,188.59772472633045,186.24497340110617,186.91009674606673,45280000
2023-09-06,181.57916259765625,187.47594597496703,180.14963751857883,187.02920802693,81755800
2023-09-07,176.26808166503906,176.91336139268128,172.27732670257566,173.90539355501954,112488800
2023-09-08,176.88356018066406,178.92858440411607,176.4963984153427,177.05233659559462,65551300
2023-09-11,178.05499267578125,178.98815574028976,176.04968578063105,178.75983344187836,58953100
2023-09-12,175.01727294921875,178.81940831086655,173.54804542949864,178.18406545251986,90370200
2023-09-13,172.9424591064453,176.00997270905043,172.71412167424248,175.22571224634177,84267900
2023-09-14,174.46133422851562,174.81871550108795,172.3170465930817,172.73398888645488,60895800
2023-09-15,173.7366180419922,175.2157822233053,172.5552892315787,175.19592350235882,109205100
2023-09-18,176.6750946044922,178.0748391046168,174.88818834345716,175.1959303652364,67257600
2023-09-19,177.76710510253906,178.32302815377042,175.84121799808253,176.22837977645918,51826900
2023-09-20,174.21315002441406,178.3925098170354,174.1237933470795,177.95570880879336,58436200
2023-09-21,172.66448974609375,175.01725608596104,172.59500693822505,173.27998896827123,63047900
2023-09-22,173.51821899414062,175.7915654067452,172.7836129384518,173.39909696300535,56725400
2023-09-25,174.79885864257812,175.6823824720043,172.88289328236814,172.93253251615403,46172700
2023-09-26,170.70883178710938,173.92524796713502,170.41101154694528,173.54802313417602,64588900
2023-09-27,169.18995666503906,171.78096710415326,167.8200077433672,171.36402481079512,66921800
2023-09-28,169.4480743408203,170.77832096236608,166.40040416763804,168.1078907839796,56294400
2023-09-29,169.96432495117188,171.8107926560386,169.10064455601542,170.7684291673966,51814200
2023-10-02,172.48582458496094,173.03182590816493,169.68633515386165,169.97423364599135,52164500
2023-10-03,171.14561462402344,172.36667607241205,169.5771240058018,171.0066338674304,49594600
2023-10-04,172.39646911621094,172.94247039530038,169.7260388902924,169.8451609338146,53020300
2023-10-05,173.6373748779297,174.17343922355133,171.42358924241523,172.52551359241795,48527900
2023-10-06,176.19859313964844,176.69495515352654,171.91993985589522,172.53543905358532,57224100
2023-10-09,177.6876983642578,177.7472593887107,174.52090595018925,175.52355187327169,42390800
2023-10-10,177.09202575683594,178.41235043494368,176.65522479291874,176.80414247485348,43698000
2023-10-11,178.49179077148438,178.54143000452555,176.30780084757703,176.90342620076967,47551100
2023-10-12,179.39517211914062,181.01330204161414,177.73730960362397,178.75982932462722,56743100
2023-10-13,177.54872131347656,180.60629838312414,176.84388049788197,180.10001451689263,51427100
2023-10-16,177.4196319580078,177.77701319881453,175.22570528432323,175.46396449411634,52517000
2023-10-17,175.86105346679688,177.12181720914745,173.52816111664285,175.3646914585386,57549400
2023-10-18,174.5605926513672,176.28793794498117,173.83590833900334,174.30248985254676,54764400
2023-10-19,174.18338012695312,176.54605322348112,173.91534037415258,174.75914678442408,59302900
2023-10-20,171.6221466064453,174.14365914589465,171.38388737014972,174.03445888939677,64189300
2023-10-23,171.7412567138672,172.7439025281915,168.69358667928853,169.66646713238327,55980100
2023-10-24,172.17803955078125,172.40636181159365,170.20251349171062,171.7908778268972,43816600
2023-10-25,169.8551025390625,171.80083332633419,169.4083645680371,170.62942613878033,57157000
2023-10-26,165.67572021484375,170.13305676328346,164.4645956319317,169.1303957533013,70625300
2023-10-27,166.9960479736328,167.73066925493364,165.6161620916175,165.69558183671225,58499100
2023-10-30,169.05096435546875,169.92456632823416,167.6412980843576,167.79021577395145,51131000
2023-10-31,169.52749633789062,169.6565401685357,166.67836791176023,168.11782995408234,44846000
2023-11-01,172.70419311523438,172.96229589848681,168.88219970872248,169.75580166398598,56934900
2023-11-02,176.2780303955078,176.4864939793014,174.18338188289627,174.2429429068373,77334800
2023-11-03,175.3647003173828,175.53347673875106,172.08872301559984,172.97224682902157,79763700
2023-11-06,177.92593383789062,178.1244756256995,174.92791800211177,175.09667927913767,63841300
2023-11-07,180.49710083007812,181.1125849169399,177.66783112206795,177.87629469765844,70530000
2023-11-08,181.55929565429688,182.1152186825965,180.26875139702054,181.02323134779837,49340300
2023-11-09,181.0828094482422,182.78035920210118,180.4871689201494,181.62881074103257,53763500
2023-11-10,185.2875518798828,185.4565506612299,182.43468499907056,182.87206148972973,66133400
2023-11-13,183.6970977783203,184.9197527658604,183.1106225987718,184.71101456121173,43627500
2023-11-14,186.32135009765625,186.987349680322,185.18815428767326,186.579792942837,60108400
2023-11-15,186.88792419433594,188.3690371233907,186.65930111391893,186.72889062449767,53790500
2023-11-16,188.5778045654297,189.82034448090351,187.52411797622008,188.43864070160558,54412900
2023-11-17,188.5579376220703,189.24382214751304,187.4446266055401,189.11459313033544,50922700
2023-11-20,190.30740356445312,190.76466491067268,188.7467813740569,188.75671623264228,46505100
2023-11-21,189.5022430419922,190.37699597796984,188.60762038854105,190.26765186097265,38134500
2023-11-22,190.16822814941406,191.77855487032625,189.69109711501824,190.3471617671388,39617700
2023-11-24,188.8362579345703,189.76070040271065,188.12055368994098,189.7308806564948,24048300
2023-11-27,188.6573028564453,189.53205575999598,187.77261509452617,188.78653185384877,40552600
2023-11-28,189.26368713378906,189.9396367824376,188.2696551316836,188.64739214615557,38415400
2023-11-29,188.2398223876953,190.9435904601538,187.84221568139642,189.76069003248776,43014200
2023-11-30,188.8163604736328,189.1841625986753,187.06686975200412,188.70701635554832,48794400
2023-12-01,190.0986785888672,190.41676093068807,188.1006646303825,189.19410585978827,45679300
2023-12-04,188.29945373535156,188.91576382150808,186.33127483914026,188.84617430866663,43389500
2023-12-05,192.2656707763672,193.23981790539722,189.04500158311146,189.0748364979079,66628400
2023-12-06,191.17222595214844,193.5976510937421,190.9634725753497,193.28950362567244,41089700
2023-12-07,193.110595703125,193.83623479668313,192.43464607405332,192.4744158469115,47477700
2023-12-08,194.54197692871094,194.82030462884575,192.5141434931892,193.0409791518531,53377300
2023-12-11,192.027099609375,192.33526227849603,190.2776087030193,191.95752525473316,60943700
2023-12-12,193.54795837402344,193.5578932326663,190.57579752571402,191.92768151957463,52696900
2023-12-13,196.778564453125,196.8183190559037,193.68712459255818,193.925682544677,70404200
2023-12-14,196.9276885986328,198.42867152282497,194.98932914878858,196.83822935503815,66831600
2023-12-15,196.3909149169922,197.21594815206504,195.82430938091503,196.3511451419736,128256700
2023-12-18,194.72091674804688,195.45650584640038,193.22986883323685,194.91972010314345,55751900
2023-12-19,195.7646484375,195.77458329630363,194.72091188963017,194.98930475456203,40714100
2023-12-20,193.667236328125,196.50021813416774,193.667236328125,195.72487446786357,52242800
2023-12-21,193.51812744140625,195.90381315665195,192.34517705306277,194.92966611931476,46482500
2023-12-22,192.44459533691406,194.24379077463595,191.8183503425399,194.01515250091973,37122800
2023-12-26,191.89785766601562,192.73284080582573,191.67916943877162,192.45451309255571,28919300
2023-12-27,191.9972686767578,192.34518593287333,189.94956524818429,191.34121910492223,48087700
2023-12-28,192.42471313476562,193.4982694967864,192.01715638138543,192.98136861854135,34049900
2023-12-29,191.38096618652344,193.23980104114617,190.58573760932344,192.7427850763616,42628800
2024-01-02,184.53208923339844,187.31538170646215,182.79253333369908,186.03307200647276,82488700
2024-01-03,183.150390625,184.77066759112085,182.3352771284137,183.1205708792931,58414500
2024-01-04,180.82435607910156,181.99730650228184,179.80050438167336,181.06291404030495,71983600
2024-01-05,180.09869384765625,181.6692660827433,179.09472708075188,180.90387243418792,62303300
2024-01-08,184.4525604248047,184.49233019548157,180.41679326133186,181.0032684531674,59144500
2024-01-09,184.03506469726562,184.04499955584959,181.63944418662982,182.82234457021028,42841800
2024-01-10,185.0788116455078,185.2875498615879,182.82235486658107,183.24979649333252,46792900
2024-01-11,184.48236083984375,185.93365396302406,182.52411695157394,185.4266880302128,49128400
2024-01-12,184.81040954589844,185.6255229866903,184.08477050382692,184.9495734055796,40444700
2024-01-16,182.53408813476562,183.16031793652851,179.85018978995151,181.07285998444632,65603000
2024-01-17,181.58973693847656,181.83824490899738,179.22395137316974,180.18816351220838,47317400
2024-01-18,187.50424194335938,188.01119275141858,184.72094959289208,184.979392426226,78005800
2024-01-19,190.416748046875,190.80441988057507,187.69311035236996,188.2000611602168,68741000
2024-01-22,192.73284912109375,194.16425751836653,191.11257223144145,191.15234200232317,60133900
2024-01-23,194.01515197753906,194.58175747905844,192.67321792314553,193.8561183903394,42355600
2024-01-24,193.33921813964844,195.20800309667513,193.1801693842155,194.25372573180164,53631300
2024-01-25,193.01116943359375,195.0986424607324,191.95749806154728,194.0549059471631,54822100
2024-01-26,191.2716064453125,193.5976373302703,190.79447540505197,193.11057143190595,44594000
2024-01-29,190.5857391357422,191.05293535979936,188.44857653714126,190.8640668648328,47145600
2024-01-30,186.9177703857422,190.6553404086777,186.35118003362723,189.80047228297695,55859400
2024-01-31,183.2994842529297,185.98338263365994,183.24979478995033,185.92372797618197,55467800
2024-02-01,185.7447967529297,185.8342559814184,182.72294652699253,182.891930125601,64885400
2024-02-02,184.7408447265625,186.21200777158808,178.18022776276848,178.78658786144558,102518000
2024-02-05,186.55990600585938,188.120543422021,184.73089088840356,187.02710222804,69668800
2024-02-06,188.17025756835938,188.18019242781668,185.6553578627436,185.74481710103248,43490800
2024-02-07,188.2795867919922,189.9097985097057,187.48435823433906,189.5022417883465,53439000
2024-02-08,187.19610595703125,188.40881099372643,186.23189374257132,188.25971226684047,40962000
2024-02-09,187.9624786376953,189.0971204380579,187.11646725876852,187.76340641648085,45155200
2024-02-12,186.27044677734375,187.78330749959082,185.91213805857674,187.53448242231033,41781900
2024-02-13,184.1703643798828,185.33487911795885,182.64755610649428,184.89694454758455,56529500
2024-02-14,183.28456115722656,184.65808055839094,181.5826059912504,184.44907598078342,54630500
2024-02-15,182.9959259033203,183.62296999377594,180.4977274519665,182.68738521978767,65434500
2024-02-16,181.45321655273438,183.98128811611298,180.81622489348007,182.55800062284032,49701400
2024-02-20,180.70672607421875,181.5726325042779,179.15405998428736,180.93564089848354,53665600
2024-02-21,181.46316528320312,182.03047857973698,179.8109630738625,181.08494629412857,41529700
2024-02-22,183.50352478027344,184.09076354210745,181.60251261136847,182.6177080564135,52292200
2024-02-23,181.6622314453125,184.1703774935557,181.37358582743232,184.14051969682032,45119700
2024-02-26,180.30862426757812,181.90109579673225,179.80101134340092,181.38355052297356,40867400
2024-02-27,181.77169799804688,183.05562869813585,178.71611879819,180.24888975946536,54318900
2024-02-28,180.5673828125,182.25939032452453,179.28345207788615,181.6522565198894,48953900
2024-02-29,179.90054321289062,181.71199718953457,178.6862755375109,180.41810366151438,136682600
2024-03-01,178.81565856933594,179.68156498512658,176.54637506189474,178.70617492699984,73488000
2024-03-04,174.277099609375,176.0686281128373,172.9732433768994,175.3221528407019,81510100
2024-03-05,169.3204803466797,171.23145507958293,168.82283020205665,169.9574719243141,95132400
2024-03-06,168.3251953125,170.43524244414468,167.88726071561,170.25608047856306,68587700
2024-03-07,168.20574951171875,169.92761476617306,167.6981518296525,168.35503848083317,71765100
2024-03-08,169.9276123046875,172.88365534695112,168.1460314883945,168.20574707517525,76114600
2024-03-11,171.93812561035156,173.56046994775534,171.24141844268888,172.12723509594798,60139500
2024-03-12,172.41587829589844,173.21212162678884,170.20631026653984,172.33625244410158,59825400
2024-03-13,170.3257598876953,172.37607625258147,169.95748841772314,171.9580519129805,52488700
2024-03-14,172.18695068359375,173.49079163745046,171.24141844268888,172.0973773021251,72913500
2024-03-15,171.80873107910156,171.80873107910156,169.4896795825833,170.36554869703198,121664700
2024-03-18,172.90357971191406,176.87483361469177,172.70452267737835,174.7448914522954,75604200
2024-03-19,175.2524871826172,175.77999515234478,172.2168180823409,173.52065910891577,55215200
2024-03-20,177.830322265625,177.830322265625,174.26714497871419,174.89418909629194,53423100
2024-03-21,170.5646209716797,176.65586961417029,170.03711298613993,176.2179350177799,106181300
2024-03-22,171.47035217285156,172.23673773536032,169.26078406375387,170.95279171103329,71106600
2024-03-25,170.04708862304688,171.1319624728949,168.65365887534398,169.76840571092222,54288300
2024-03-26,168.91241455078125,170.61436949811346,168.78302065654685,169.20104494513856,57388400
2024-03-27,172.49551391601562,172.78415954350993,169.31055559917013,169.60914876354798,60273300
2024-03-28,170.67408752441406,171.42056273337485,169.70864503919194,170.94282285202152,65672700
2024-04-01,169.2309112548828,170.4451788535061,168.68349304450714,170.38546326457012,46240500
2024-04-02,168.04649353027344,168.54414366405445,167.43935975957754,168.28537106183597,49329500
2024-04-03,168.8527069091797,169.87786510696628,167.78774337767854,167.9967479570679,47691700
2024-04-04,168.026611328125,171.11203328162168,168.026611328125,169.48968886138192,53704400
2024-04-05,168.7830352783203,169.5892261323792,168.15599119757314,168.79298281447828,42055200
2024-04-08,167.65835571289062,168.40483104125352,167.4493511257135,168.23563178927415,37425500
2024-04-09,168.8726043701172,169.2806811483862,167.55881583801002,167.90716183961618,42451200
2024-04-10,166.99148559570312,168.29532657810816,166.3246362072623,168.0066961691415,49709300
2024-04-11,174.2173614501953,174.63540094951088,167.36970557110288,167.54885233902874,91070300
2024-04-12,175.7202911376953,177.52178245719062,173.39129181372058,173.44104468475973,101593300
2024-04-15,171.87841796875,175.7999037342719,171.68930847441092,174.53586805138283,73531800
2024-04-16,168.583984375,172.94338974194338,167.47920033817573,170.94284143183614,73711200
2024-04-17,167.21046447753906,169.84800441976404,167.21046447753906,168.81289870293196,50901200
2024-04-18,166.2549591064453,167.8474456964944,165.7672716683895,167.24031189258443,43122900
2024-04-19,164.2245635986328,165.6179780634261,163.3088890664717,165.42888374733738,67772100
2024-04-22,165.06060791015625,166.47393259764522,163.9956444231876,164.74211969252124,48116400
2024-04-23,166.11561584472656,166.26492000363532,164.14492548116624,164.57291251221173,49537800
2024-04-24,168.2256622314453,168.50434510258808,165.42887079721268,165.75730653407012,48251800
2024-04-25,169.09158325195312,169.80820075027214,167.3597550998357,168.73327450279362,50558300
2024-04-26,168.5043487548828,170.53475474394267,168.38490238817732,169.081624768213,44838400
2024-04-29,172.68460083007812,175.20270935632288,172.28648678772151,172.55520693212748,68169400
2024-04-30,169.52951049804688,174.1676137755898,169.20105955998108,172.51541154910535,65934800
2024-05-01,168.5043487548828,171.89832652202932,168.31523926242042,168.78303163206596,50383100
2024-05-02,172.21682739257812,172.6049939419865,170.08688513916925,171.69926693100732,94214900
2024-05-03,182.5181884765625,186.12117099096088,181.80157098826203,185.77280978325868,163224100
2024-05-06,180.8560333251953,183.3343214775735,179.5720873686165,181.4930249418685,78569700
2024-05-07,181.54278564453125,184.0310366275269,180.46787458450643,182.58785409480518,77305800
2024-05-08,181.88119506835938,182.20964601288568,180.59724908638574,181.9906787165348,45057100
2024-05-09,183.70260620117188,183.792179594264,181.2541604804327,181.70204263297254,48983000
2024-05-10,182.43685913085938,184.47001925959685,181.51994258592455,184.280653249985,50759500
2024-05-13,185.65602111816406,186.47328168344126,184.00157793065927,184.81883849593646,72044800
2024-05-14,186.80215454101562,187.66925062518712,185.66597383097238,186.88188838827716,52393600
2024-05-15,189.0845184326172,190.01139602124525,186.7423838683229,187.28058361009533,70400000
2024-05-16,189.2041015625,190.45989075478766,189.02471179656044,189.83199615864385,52845200
2024-05-17,189.23399353027344,190.17084727488813,188.54630236847427,188.87519880271202,41282900
2024-05-20,190.40008544921875,191.27714266640717,188.37688635675946,188.69582178398366,44361300
2024-05-21,191.70570373535156,192.08442053272114,190.28048580582154,190.44991454290118,42309400
2024-05-22,190.2605438232422,192.17412585880137,189.63266445026173,191.625965130265,34648500
2024-05-23,186.2540283203125,190.3602230291439,186.00486572472462,190.34028576334703,51005900
2024-05-24,189.3436279296875,189.94162421863646,187.41012383078694,188.1875250894915,36294600
2024-05-28,189.3535919189453,192.35350378297326,188.46657377923762,190.86848939299406,52280100
2024-05-29,189.65260314941406,191.60604467860838,188.87521703261189,188.97488815842905,53068000
2024-05-30,190.6492462158203,191.53626445370173,189.99146851693155,190.12102272627732,49947900
2024-05-31,191.6060333251953,191.92496874276912,189.27387511297837,190.79874896001851,75158300
2024-06-03,193.38006591796875,194.33685694398167,191.8751293663799,192.25384615761888,50080500
2024-06-04,193.69898986816406,194.66574186569684,192.38340418619828,193.98801176077237,47471400
2024-06-05,195.21389770507812,196.24044634116564,194.2172473626493,194.74547082752238,54156800
2024-06-06,193.82855224609375,195.84179017422778,193.5195930765027,195.03450583879902,41181800
2024-06-07,196.23048400878906,196.28031956711487,193.48969558531903,193.99798178181695,53103900
2024-06-10,192.4730987548828,196.63910486677477,191.50634675889475,196.2404356269631,97262100
2024-06-11,206.45611572265625,206.46609195915696,192.9814138224934,193.00133588013964,172373300
2024-06-12,212.35630798339844,219.46241499269527,206.20696163392407,206.67538853844061,198134300
2024-06-13,213.52236938476562,216.02395620562416,210.89121315624297,214.02069454325613,97862700
2024-06-14,211.77822875976562,214.44924427717243,210.59221246372425,213.13367378271622,70122700
2024-06-17,215.94422912597656,218.21659070332575,212.0074632920053,212.65527993528355,93728300
2024-06-18,213.5721893310547,217.89766325641614,212.28651711595563,216.86113841241473,79943300
2024-06-20,208.97763061523438,213.5223688231627,208.1504242370716,213.21339445126264,86172500
2024-06-21,206.7949981689453,211.18025387128242,206.4162661482939,209.68527826262047,246421400
2024-06-24,207.44281005859375,211.9875333707341,205.89799892378585,207.02421872275744,80727000
2024-06-25,208.36968994140625,210.67194975002218,207.91122410230182,208.44940858434205,56713900
2024-06-26,212.5356903076172,214.1402980033581,209.9344322470105,210.79155216910215,66213200
2024-06-27,213.3828582763672,215.01736433595826,211.63872006367095,213.97087836680484,49772700
2024-06-28,209.91448974609375,215.34624626528088,209.5955695452833,215.04724812174294,82542700
2024-07-01,216.02395629882812,216.78140506529675,211.2101334408119,211.37956216985054,60402900
2024-07-02,219.5321807861328,219.64181293490427,214.3795002092306,215.42597092933886,58046200
2024-07-03,220.80789184570312,220.80789184570312,218.29632866276663,219.26308073535034,37369800
2024-07-05,225.5818328857422,225.69146503075916,220.90754038733803,220.90754038733803,60412400
2024-07-08,227.056884765625,227.08678305881674,222.50218547217585,226.32931907748747,59085900
2024-07-09,227.9139862060547,228.631575647805,225.6117264169712,227.1664984715379,48076100
2024-07-10,232.19960021972656,232.29927134034506,228.48209857735924,228.5319341376685,62627700
2024-07-11,226.80772399902344,231.61157070495582,225.01375035477759,230.61492037011672,64710600
2024-07-12,229.76776123046875,231.86073301422448,227.91399100155513,228.1531925563972,53046500
2024-07-15,233.61483764648438,236.43535998230433,232.3092281117703,235.68787221439834,62631300
2024-07-16,234.03343200683594,235.47857190808813,231.55176727169922,234.2128217621178,43234300
2024-07-17,228.1133270263672,230.68468664215072,225.88082486496336,228.68140979310064,57345900
2024-07-18,223.42906188964844,229.66810263837593,221.52547133243425,229.50863493701104,66034600
2024-07-19,223.5586395263672,226.04030439428965,222.53209087352224,224.06694094221692,49151500
2024-07-22,223.20980834960938,227.01700459563804,222.34271224556252,226.24957960487185,48201800
2024-07-23,224.2563018798828,226.17984506717187,221.9341046141529,223.61844622977043,39960300
2024-07-24,217.80795288085938,224.04699357799979,216.40268749627205,223.24967028544495,61777600
2024-07-25,216.76148986816406,220.11023564894725,213.9010930254534,218.19665359620475,51391200
2024-07-26,217.2299041748047,218.75477790382115,215.2864239407029,217.96741565742542,41601300
2024-07-29,217.50897216796875,218.5654190781,215.0273073866339,216.23326096996,36311800
2024-07-30,218.06710815429688,219.5919820328496,215.39607720378967,218.45580119769897,41643800
2024-07-31,221.3361053466797,223.07028238181744,219.89096542123676,220.6982497488722,50036300
2024-08-01,217.62855529785156,223.72805013234773,216.29304757526307,223.618417993468,62501000
2024-08-02,219.12355041503906,224.84432899946665,216.98075820790513,218.41592196270943,105568600
2024-08-05,208.5690155029297,212.7848420736874,195.34346157584417,198.42310739676375,119548600
2024-08-06,206.5358428955078,209.28660752946874,200.39648844230862,204.61231506511243,69660500
2024-08-07,209.11717224121094,212.92436846093156,205.69865382063958,206.20693999643444,63516400
2024-08-08,212.59547424316406,213.4824924067945,208.13048513245963,212.39614722358988,47161100
2024-08-09,215.51568603515625,216.05387055494424,211.259984607228,211.38955402452135,42201600
2024-08-12,217.0522918701172,219.02793942662467,215.12653755613,215.59550663031672,38028100
2024-08-13,220.78408813476562,221.4027217224782,218.52904142421028,218.52904142421028,44155300
2024-08-14,221.23309326171875,222.54021400164925,219.21752501736546,220.08562480803565,41960600
2024-08-15,224.22650146484375,224.8551228159093,222.27079905335071,224.10676986474735,46414000
2024-08-16,225.5535888671875,226.33187474025672,223.15885022096822,223.42826155403992,44340200
2024-08-19,225.3939208984375,225.49370737790127,222.55017371179113,225.22429606357244,40687800
2024-08-20,226.0125732421875,226.6711275207631,224.95490346311303,225.27420804373648,30299000
2024-08-21,225.90281677246094,227.47934890039068,224.55579052395228,226.0225636042008,34765500
2024-08-22,224.0369110107422,227.8385414771675,223.4082896744648,227.28974628083643,43695300
2024-08-23,226.3418426513672,227.7188169640382,223.83736023691762,225.16444130741013,38677300
2024-08-26,226.68109130859375,226.7808777924977,223.39832305195915,226.2620154817008,30602200
2024-08-27,227.52923583984375,228.34744239539063,224.39613201364162,225.50369501854036,35934600
2024-08-28,225.99261474609375,229.35520907583674,225.18438078371824,227.4194670399241,38052200
2024-08-29,229.28536987304688,232.4085012026452,228.37737982242845,229.59470189609323,51906300
2024-08-30,228.49710083007812,229.89402024722435,226.98043458769098,229.6844899472923,52990800
2024-09-03,222.28079223632812,228.4971066385697,220.68429981162342,228.04809790202157,50190600
2024-09-04,220.36500549316406,221.29295584608857,217.0023958735564,221.17322424578342,43840200
2024-09-05,221.8916473388672,224.98483044961614,221.03353533260162,221.14329437614535,36615400
2024-09-06,220.33506774902344,224.74535922490057,219.2873705935476,223.45818364879955,48423000
2024-09-09,220.4248809814453,220.7840910234286,216.23410730849415,220.3350822772696,67180000
2024-09-10,219.62661743164062,220.9936039050013,216.25403537150672,218.43922835246784,51591000
2024-09-11,222.17103576660156,222.6000841658612,217.41150656335964,220.97367404683663,44587100
2024-09-12,222.28079223632812,223.0590781064196,219.33727360197898,222.01138090428717,37498200
2024-09-13,222.01136779785156,223.54797910505988,221.42266715079168,223.08899783711732,36766600
2024-09-16,215.84495544433594,216.74297289953918,213.4502168549942,216.0644583037111,59357400
2024-09-17,216.31390380859375,216.42366284814068,214.02893954474482,215.27619443719672,45519300
2024-09-18,220.20535278320312,222.22092099435915,217.06226125375574,217.07224903728172,59894900
2024-09-19,228.3673858642578,229.31531179988679,224.1367068474718,224.49591687958383,66781300
2024-09-20,227.6988525390625,232.57811312113958,227.12012443578536,229.46496974860833,318679900
2024-09-23,225.97265625,228.94610768522742,225.31410200503296,226.8407407931877,54146000
2024-09-24,226.8706817626953,228.8463445678705,225.2342838755063,228.14786961487798,43556100
2024-09-25,225.8728790283203,226.79085685048213,223.52804884217394,224.43603888049125,42308700
2024-09-26,227.02035522460938,227.99819881641105,224.9149883158055,226.80083714120576,36636700
2024-09-27,227.2897491455078,229.01596089620384,226.80083496693393,227.9582911728241,34026000
2024-09-30,232.48831176757812,232.48831176757812,229.1456625683617,229.5348054854851,54541900
2024-10-01,225.71322631835938,229.14565893600417,223.24864947388588,229.0159547825387,63285000
2024-10-02,226.28196716308594,226.8706678098605,222.53022998119604,225.3939223013361,32880600
2024-10-03,225.17440795898438,226.3119038145279,222.82957789090332,224.64557310138042,34044200
2024-10-04,226.30194091796875,227.49930262356304,223.63780617480538,227.39951613756347,37245100
2024-10-07,221.2031707763672,225.19438676879486,220.84396072803747,224.0069975750027,39505400
2024-10-08,225.27420043945312,225.4837307412941,222.75973024040246,223.80742742544692,31855700
2024-10-09,229.03591918945312,229.24546472466872,224.33627096325682,224.73538646570117,33591100
2024-10-10,228.53700256347656,228.99599906464633,226.67111410985407,227.279775108536,28183500
2024-10-11,227.05029296875,228.9062089337624,226.84074743911052,228.79644988971887,31759200
2024-10-14,230.79205322265625,231.22110160659443,228.09798564307096,228.19775690140833,39882100
2024-10-15,233.33645629882812,236.9684620133565,231.85969551276995,233.0969778733182,64751400
2024-10-16,231.27099609375,231.61024577942743,229.33525401328018,231.09139869260778,34082200
2024-10-17,231.6401824951172,233.3364614020046,230.0137723986246,232.9173703418766,32993800
2024-10-18,234.4839324951172,235.66133386929857,233.4961010856326,235.66133386929857,46431500
2024-10-21,235.96067810058594,236.32987592195377,233.9351372634737,233.9351372634737,36254500
2024-10-22,235.342041015625,235.70125104779564,232.08920560922664,233.376366009758,38846600
2024-10-23,230.25323486328125,234.62362105235994,227.25982300232985,233.56595129753524,52287000
2024-10-24,230.06365966796875,230.31311065070702,227.90839952304313,229.4749437774939,31109500
2024-10-25,230.9018096923828,232.7078323586645,229.0658541264054,229.23547896644118,38802300
2024-10-28,232.88743591308594,234.21451699403664,232.03931169048735,232.80762499530724,36087100
2024-10-29,233.15684509277344,233.815399347975,231.8098189074392,232.58810476348472,35417200
2024-10-30,229.59469604492188,232.95729049985403,229.04590082483264,232.09917848988178,47070900
2024-10-31,225.4138946533203,229.325284321648,224.8750719925984,228.83635490362704,64370100
2024-11-01,222.4204864501953,224.8551305713263,219.78628458026085,220.48474431371312,65276700
2024-11-04,221.52244567871094,222.3007315284092,219.2275088130919,220.5046966292777,44944500
2024-11-05,222.95928955078125,223.45819152571042,220.65436486265338,221.31291912362707,28111300
2024-11-06,222.23089599609375,225.5735453041769,220.7042571772517,222.12113695305962,54561100
2024-11-07,226.98043823242188,227.37956894750107,224.0768403097807,224.13670611072257,42137700
2024-11-08,226.7107391357422,228.4088689967903,226.16134014604208,226.92049995960826,38328800
2024-11-11,223.98373413085938,225.45212091614073,221.25673663335022,224.7528927426808,42005600
2024-11-12,223.98373413085938,225.34224111445195,223.11469448970428,224.30339000560164,40398300
2024-11-13,224.8727569580078,226.4010754152989,222.5153482196322,223.76397540644066,48566200
2024-11-14,227.9693603515625,228.61864039722624,224.7528954725484,224.77287777547028,44923900
2024-11-15,224.7528839111328,226.67077335813082,224.023689933323,226.15134020310103,47923700
2024-11-18,227.7695770263672,229.4876892234719,224.92270099550518,225.00261496304853,44686000
2024-11-19,228.02928161621094,229.90722171238716,226.41106572007726,226.73070634208972,36211800
2024-11-20,228.7484893798828,229.67746064503265,225.64190448211673,227.80951934283004,35169600
2024-11-21,228.26902770996094,229.90722593821596,225.46211628612434,228.6286329426038,42108300
2024-11-22,229.61753845214844,230.46661102927646,227.80952873867182,227.80952873867182,38168300
2024-11-25,232.61424255371094,232.99383009111634,229.48769048234254,231.2058026888721,90152800
2024-11-26,234.8018341064453,235.31128373473052,233.07373841155265,233.07373841155265,45986200
2024-11-27,234.67198181152344,235.43115689965902,233.55321672420507,234.21249554010248,33498400
2024-11-29,237.06935119628906,237.5488197625333,233.71304074851764,234.55211454995276,28481400
2024-12-02,239.3268585205078,240.52553753151284,236.89953466637493,237.00941446483552,48137100
2024-12-03,242.3834991455078,242.49337894569658,238.6376176509325,239.54662188503684,38861000
2024-12-04,242.74310302734375,243.84190102311462,240.9850414761411,242.60325739533934,44383900
2024-12-05,242.7730712890625,244.2714238935446,241.86408229295347,243.72204013219255,40033900
2024-12-06,242.5732879638672,244.3613305629988,241.8141281502541,242.6432183998472,36870600
2024-12-09,246.47900390625,246.96847124510987,241.48449521514058,241.56440918324205,44649200
2024-12-10,247.4978790283203,247.93739821602466,245.0705399660552,246.61884065291167,36914800
2024-12-11,246.2192840576172,250.52454792031958,245.98952569372008,247.68767076725757,45205800
2024-12-12,247.68768310546875,248.46682524629017,245.41017310687806,246.61885092340057,32777500
2024-12-13,247.85748291015625,249.01619729452798,245.96955931284188,247.54782582286595,33155300
2024-12-16,250.7642822265625,251.10392039685559,247.3780059899919,247.71764416028498,51694800
2024-12-17,253.20159912109375,253.5512208135588,249.50566587259755,249.80533943156328,51356400
2024-12-18,247.77757263183594,254.0007260278641,247.46791553993853,251.88305927654196,56774100
2024-12-19,249.51565551757812,251.72323503929724,246.81862390484895,247.22817727073837,60882300
2024-12-20,254.21051025390625,254.71994465608725,245.42017186050566,247.76758181309805,147495300
2024-12-23,254.98965454101562,255.36922684225433,253.17164603591402,254.49020366493687,40858800
2024-12-24,257.91644287109375,257.92641115938613,255.0096198916901,255.2094124344067,23234700
2024-12-26,258.7355041503906,259.81433504408284,257.34704665632455,257.90642916266114,27237100
2024-12-27,255.30929565429688,258.41589596104086,252.78207543596488,257.54682582842287,42355300
2024-12-30,251.9230194091797,253.22159473829512,250.47461491371794,251.95298524244893,35557500
